timestamp,mean_date,Variables,Values
2021-01-15T09:55:00Z,2021-01-15T09:54:55Z,mean_depth,3.333333333333332e-4
2021-01-15T09:55:00Z,2021-01-15T09:54:55Z,mean_temperature,29.165
2021-01-15T09:55:00Z,2021-01-15T09:54:55Z,mean_salinity,34.69659998666667
2021-01-15T09:55:00Z,2021-01-15T09:54:55Z,mean_abs_pressure,101.77466666666666
2021-01-15T09:56:00Z,2021-01-15T09:55:55Z,mean_depth,0.11966666666666667
2021-01-15T09:56:00Z,2021-01-15T09:55:55Z,mean_temperature,29.17
2021-01-15T09:56:00Z,2021-01-15T09:55:55Z,mean_salinity,34.497690575
2021-01-15T09:56:00Z,2021-01-15T09:55:55Z,mean_abs_pressure,102.97416666666666
2021-01-15T09:57:00Z,2021-01-15T09:56:55Z,mean_depth,0.2515
2021-01-15T09:57:00Z,2021-01-15T09:56:55Z,mean_temperature,29.148333333333333
2021-01-15T09:57:00Z,2021-01-15T09:56:55Z,mean_salinity,34.424632395
2021-01-15T09:57:00Z,2021-01-15T09:56:55Z,mean_abs_pressure,104.29916666666666
2021-01-15T09:58:00Z,2021-01-15T09:57:55Z,mean_depth,0.2931666666666667
2021-01-15T09:58:00Z,2021-01-15T09:57:55Z,mean_temperature,29.14666666666667
2021-01-15T09:58:00Z,2021-01-15T09:57:55Z,mean_salinity,34.34535175833334
2021-01-15T09:58:00Z,2021-01-15T09:57:55Z,mean_abs_pressure,104.71849999999999
2021-01-15T09:59:00Z,2021-01-15T09:58:55Z,mean_depth,0.2673333333333333
2021-01-15T09:59:00Z,2021-01-15T09:58:55Z,mean_temperature,29.123333333333335
2021-01-15T09:59:00Z,2021-01-15T09:58:55Z,mean_salinity,34.37107914
2021-01-15T09:59:00Z,2021-01-15T09:58:55Z,mean_abs_pressure,104.457
2021-01-15T10:00:00Z,2021-01-15T09:59:55Z,mean_depth,0.26566666666666666
2021-01-15T10:00:00Z,2021-01-15T09:59:55Z,mean_temperature,29.130000000000003
2021-01-15T10:00:00Z,2021-01-15T09:59:55Z,mean_salinity,34.34775816
2021-01-15T10:00:00Z,2021-01-15T09:59:55Z,mean_abs_pressure,104.44283333333334
2021-01-15T10:01:00Z,2021-01-15T10:00:55Z,mean_depth,0.2845
2021-01-15T10:01:00Z,2021-01-15T10:00:55Z,mean_temperature,29.125
2021-01-15T10:01:00Z,2021-01-15T10:00:55Z,mean_salinity,34.326068256666666
2021-01-15T10:01:00Z,2021-01-15T10:00:55Z,mean_abs_pressure,104.63416666666667
2021-01-15T10:02:00Z,2021-01-15T10:01:55Z,mean_depth,0.2763333333333333
2021-01-15T10:02:00Z,2021-01-15T10:01:55Z,mean_temperature,29.106666666666666
2021-01-15T10:02:00Z,2021-01-15T10:01:55Z,mean_salinity,34.31233178166667
2021-01-15T10:02:00Z,2021-01-15T10:01:55Z,mean_abs_pressure,104.54883333333333
2021-01-15T10:03:00Z,2021-01-15T10:02:55Z,mean_depth,0.2375
2021-01-15T10:03:00Z,2021-01-15T10:02:55Z,mean_temperature,29.15
2021-01-15T10:03:00Z,2021-01-15T10:02:55Z,mean_salinity,34.21812022666667
2021-01-15T10:03:00Z,2021-01-15T10:02:55Z,mean_abs_pressure,104.1585
2021-01-15T10:04:00Z,2021-01-15T10:03:55Z,mean_depth,0.2653333333333333
2021-01-15T10:04:00Z,2021-01-15T10:03:55Z,mean_temperature,29.148333333333333
2021-01-15T10:04:00Z,2021-01-15T10:03:55Z,mean_salinity,34.21424049666666
2021-01-15T10:04:00Z,2021-01-15T10:03:55Z,mean_abs_pressure,104.43966666666667
2021-01-15T10:05:00Z,2021-01-15T10:04:55Z,mean_depth,0.2881666666666667
2021-01-15T10:05:00Z,2021-01-15T10:04:55Z,mean_temperature,29.16
2021-01-15T10:05:00Z,2021-01-15T10:04:55Z,mean_salinity,34.16745405166667
2021-01-15T10:05:00Z,2021-01-15T10:04:55Z,mean_abs_pressure,104.66666666666667
2021-01-15T10:06:00Z,2021-01-15T10:05:55Z,mean_depth,0.26266666666666666
2021-01-15T10:06:00Z,2021-01-15T10:05:55Z,mean_temperature,29.18166666666667
2021-01-15T10:06:00Z,2021-01-15T10:05:55Z,mean_salinity,34.112492276666664
2021-01-15T10:06:00Z,2021-01-15T10:05:55Z,mean_abs_pressure,104.411
2021-01-15T10:07:00Z,2021-01-15T10:06:55Z,mean_depth,0.2615
2021-01-15T10:07:00Z,2021-01-15T10:06:55Z,mean_temperature,29.186666666666667
2021-01-15T10:07:00Z,2021-01-15T10:06:55Z,mean_salinity,34.09285126333333
2021-01-15T10:07:00Z,2021-01-15T10:06:55Z,mean_abs_pressure,104.40066666666667
2021-01-15T10:08:00Z,2021-01-15T10:07:55Z,mean_depth,0.269
2021-01-15T10:08:00Z,2021-01-15T10:07:55Z,mean_temperature,29.195
2021-01-15T10:08:00Z,2021-01-15T10:07:55Z,mean_salinity,34.08249083333333
2021-01-15T10:08:00Z,2021-01-15T10:07:55Z,mean_abs_pressure,104.477
2021-01-15T10:09:00Z,2021-01-15T10:08:55Z,mean_depth,0.28633333333333333
2021-01-15T10:09:00Z,2021-01-15T10:08:55Z,mean_temperature,29.198333333333334
2021-01-15T10:09:00Z,2021-01-15T10:08:55Z,mean_salinity,34.062370565
2021-01-15T10:09:00Z,2021-01-15T10:08:55Z,mean_abs_pressure,104.652
2021-01-15T10:10:00Z,2021-01-15T10:09:55Z,mean_depth,0.24766666666666667
2021-01-15T10:10:00Z,2021-01-15T10:09:55Z,mean_temperature,29.21
2021-01-15T10:10:00Z,2021-01-15T10:09:55Z,mean_salinity,34.038546608333334
2021-01-15T10:10:00Z,2021-01-15T10:09:55Z,mean_abs_pressure,104.2615
2021-01-15T10:11:00Z,2021-01-15T10:10:55Z,mean_depth,0.2796666666666667
2021-01-15T10:11:00Z,2021-01-15T10:10:55Z,mean_temperature,29.201666666666668
2021-01-15T10:11:00Z,2021-01-15T10:10:55Z,mean_salinity,34.14718876333333
2021-01-15T10:11:00Z,2021-01-15T10:10:55Z,mean_abs_pressure,104.58583333333333
2021-01-15T10:12:00Z,2021-01-15T10:11:55Z,mean_depth,0.264
2021-01-15T10:12:00Z,2021-01-15T10:11:55Z,mean_temperature,29.196666666666665
2021-01-15T10:12:00Z,2021-01-15T10:11:55Z,mean_salinity,34.13073331666667
2021-01-15T10:12:00Z,2021-01-15T10:11:55Z,mean_abs_pressure,104.42516666666667
2021-01-15T10:13:00Z,2021-01-15T10:12:55Z,mean_depth,0.271
2021-01-15T10:13:00Z,2021-01-15T10:12:55Z,mean_temperature,29.176666666666666
2021-01-15T10:13:00Z,2021-01-15T10:12:55Z,mean_salinity,34.06669747
2021-01-15T10:13:00Z,2021-01-15T10:12:55Z,mean_abs_pressure,104.49683333333333
2021-01-15T10:14:00Z,2021-01-15T10:13:55Z,mean_depth,0.26183333333333336
2021-01-15T10:14:00Z,2021-01-15T10:13:55Z,mean_temperature,29.113333333333333
2021-01-15T10:14:00Z,2021-01-15T10:13:55Z,mean_salinity,34.01652893333333
2021-01-15T10:14:00Z,2021-01-15T10:13:55Z,mean_abs_pressure,104.40516666666667
2021-01-15T10:15:00Z,2021-01-15T10:14:55Z,mean_depth,0.27066666666666667
2021-01-15T10:15:00Z,2021-01-15T10:14:55Z,mean_temperature,29
2021-01-15T10:15:00Z,2021-01-15T10:14:55Z,mean_salinity,34.0210405
2021-01-15T10:15:00Z,2021-01-15T10:14:55Z,mean_abs_pressure,104.49116666666667
2021-01-15T10:16:00Z,2021-01-15T10:15:55Z,mean_depth,0.26383333333333336
2021-01-15T10:16:00Z,2021-01-15T10:15:55Z,mean_temperature,28.706666666666667
2021-01-15T10:16:00Z,2021-01-15T10:15:55Z,mean_salinity,33.98462549166667
2021-01-15T10:16:00Z,2021-01-15T10:15:55Z,mean_abs_pressure,104.42516666666667
2021-01-15T10:17:00Z,2021-01-15T10:16:55Z,mean_depth,0.27366666666666667
2021-01-15T10:17:00Z,2021-01-15T10:16:55Z,mean_temperature,28.74666666666667
2021-01-15T10:17:00Z,2021-01-15T10:16:55Z,mean_salinity,33.99338987833333
2021-01-15T10:17:00Z,2021-01-15T10:16:55Z,mean_abs_pressure,104.52266666666667
2021-01-15T10:18:00Z,2021-01-15T10:17:55Z,mean_depth,0.2801666666666667
2021-01-15T10:18:00Z,2021-01-15T10:17:55Z,mean_temperature,28.766666666666666
2021-01-15T10:18:00Z,2021-01-15T10:17:55Z,mean_salinity,33.988463745000004
2021-01-15T10:18:00Z,2021-01-15T10:17:55Z,mean_abs_pressure,104.58866666666667
2021-01-15T10:19:00Z,2021-01-15T10:18:55Z,mean_depth,0.26433333333333336
2021-01-15T10:19:00Z,2021-01-15T10:18:55Z,mean_temperature,28.793333333333333
2021-01-15T10:19:00Z,2021-01-15T10:18:55Z,mean_salinity,33.84619508666667
2021-01-15T10:19:00Z,2021-01-15T10:18:55Z,mean_abs_pressure,104.43083333333334
2021-01-15T10:20:00Z,2021-01-15T10:19:55Z,mean_depth,0.27416666666666667
2021-01-15T10:20:00Z,2021-01-15T10:19:55Z,mean_temperature,28.766666666666666
2021-01-15T10:20:00Z,2021-01-15T10:19:55Z,mean_salinity,33.644122038333336
2021-01-15T10:20:00Z,2021-01-15T10:19:55Z,mean_abs_pressure,104.526
2021-01-15T10:21:00Z,2021-01-15T10:20:55Z,mean_depth,0.2693333333333333
2021-01-15T10:21:00Z,2021-01-15T10:20:55Z,mean_temperature,28.83
2021-01-15T10:21:00Z,2021-01-15T10:20:55Z,mean_salinity,33.84276972166667
2021-01-15T10:21:00Z,2021-01-15T10:20:55Z,mean_abs_pressure,104.47933333333333
2021-01-15T10:22:00Z,2021-01-15T10:21:55Z,mean_depth,0.256
2021-01-15T10:22:00Z,2021-01-15T10:21:55Z,mean_temperature,28.803333333333335
2021-01-15T10:22:00Z,2021-01-15T10:21:55Z,mean_salinity,33.85785871
2021-01-15T10:22:00Z,2021-01-15T10:21:55Z,mean_abs_pressure,104.34450000000001
2021-01-15T10:23:00Z,2021-01-15T10:22:55Z,mean_depth,0.26616666666666666
2021-01-15T10:23:00Z,2021-01-15T10:22:55Z,mean_temperature,28.825
2021-01-15T10:23:00Z,2021-01-15T10:22:55Z,mean_salinity,33.764460406666664
2021-01-15T10:23:00Z,2021-01-15T10:22:55Z,mean_abs_pressure,104.44783333333334
2021-01-15T10:24:00Z,2021-01-15T10:23:55Z,mean_depth,0.258
2021-01-15T10:24:00Z,2021-01-15T10:23:55Z,mean_temperature,28.96
2021-01-15T10:24:00Z,2021-01-15T10:23:55Z,mean_salinity,33.739844945
2021-01-15T10:24:00Z,2021-01-15T10:23:55Z,mean_abs_pressure,104.36433333333333
2021-01-15T10:25:00Z,2021-01-15T10:24:55Z,mean_depth,0.24816666666666667
2021-01-15T10:25:00Z,2021-01-15T10:24:55Z,mean_temperature,29.068333333333335
2021-01-15T10:25:00Z,2021-01-15T10:24:55Z,mean_salinity,33.74877544833333
2021-01-15T10:25:00Z,2021-01-15T10:24:55Z,mean_abs_pressure,104.26733333333334
2021-01-15T10:26:00Z,2021-01-15T10:25:55Z,mean_depth,0.2765
2021-01-15T10:26:00Z,2021-01-15T10:25:55Z,mean_temperature,29.05
2021-01-15T10:26:00Z,2021-01-15T10:25:55Z,mean_salinity,33.75732239833333
2021-01-15T10:26:00Z,2021-01-15T10:25:55Z,mean_abs_pressure,104.551
2021-01-15T10:27:00Z,2021-01-15T10:26:55Z,mean_depth,0.26866666666666666
2021-01-15T10:27:00Z,2021-01-15T10:26:55Z,mean_temperature,29.208333333333332
2021-01-15T10:27:00Z,2021-01-15T10:26:55Z,mean_salinity,33.927191475
2021-01-15T10:27:00Z,2021-01-15T10:26:55Z,mean_abs_pressure,104.47366666666667
2021-01-15T10:28:00Z,2021-01-15T10:27:55Z,mean_depth,0.255
2021-01-15T10:28:00Z,2021-01-15T10:27:55Z,mean_temperature,29.19333333333333
2021-01-15T10:28:00Z,2021-01-15T10:27:55Z,mean_salinity,33.893246311666665
2021-01-15T10:28:00Z,2021-01-15T10:27:55Z,mean_abs_pressure,104.33566666666667
2021-01-15T10:29:00Z,2021-01-15T10:28:55Z,mean_depth,0.26466666666666666
2021-01-15T10:29:00Z,2021-01-15T10:28:55Z,mean_temperature,29.173333333333332
2021-01-15T10:29:00Z,2021-01-15T10:28:55Z,mean_salinity,33.9481195
2021-01-15T10:29:00Z,2021-01-15T10:28:55Z,mean_abs_pressure,104.43316666666666
2021-01-15T10:30:00Z,2021-01-15T10:29:55Z,mean_depth,0.30166666666666664
2021-01-15T10:30:00Z,2021-01-15T10:29:55Z,mean_temperature,29.17
2021-01-15T10:30:00Z,2021-01-15T10:29:55Z,mean_salinity,33.86952724333333
2021-01-15T10:30:00Z,2021-01-15T10:29:55Z,mean_abs_pressure,104.80383333333333
2021-01-15T10:31:00Z,2021-01-15T10:30:55Z,mean_depth,0.25916666666666666
2021-01-15T10:31:00Z,2021-01-15T10:30:55Z,mean_temperature,29.248333333333335
2021-01-15T10:31:00Z,2021-01-15T10:30:55Z,mean_salinity,33.832366666666665
2021-01-15T10:31:00Z,2021-01-15T10:30:55Z,mean_abs_pressure,104.37566666666667
2021-01-15T10:32:00Z,2021-01-15T10:31:55Z,mean_depth,0.25016666666666665
2021-01-15T10:32:00Z,2021-01-15T10:31:55Z,mean_temperature,29.378333333333334
2021-01-15T10:32:00Z,2021-01-15T10:31:55Z,mean_salinity,33.458259365
2021-01-15T10:32:00Z,2021-01-15T10:31:55Z,mean_abs_pressure,104.287
2021-01-15T10:33:00Z,2021-01-15T10:32:55Z,mean_depth,0.278
2021-01-15T10:33:00Z,2021-01-15T10:32:55Z,mean_temperature,29.22833333333333
2021-01-15T10:33:00Z,2021-01-15T10:32:55Z,mean_salinity,33.53290687333333
2021-01-15T10:33:00Z,2021-01-15T10:32:55Z,mean_abs_pressure,104.56516666666667
2021-01-15T10:34:00Z,2021-01-15T10:33:55Z,mean_depth,0.272
2021-01-15T10:34:00Z,2021-01-15T10:33:55Z,mean_temperature,29.171666666666667
2021-01-15T10:34:00Z,2021-01-15T10:33:55Z,mean_salinity,32.77721784166667
2021-01-15T10:34:00Z,2021-01-15T10:33:55Z,mean_abs_pressure,104.508
2021-01-15T10:35:00Z,2021-01-15T10:34:55Z,mean_depth,0.2525
2021-01-15T10:35:00Z,2021-01-15T10:34:55Z,mean_temperature,29.259999999999998
2021-01-15T10:35:00Z,2021-01-15T10:34:55Z,mean_salinity,32.95251819333333
2021-01-15T10:35:00Z,2021-01-15T10:34:55Z,mean_abs_pressure,104.31
2021-01-15T10:36:00Z,2021-01-15T10:35:55Z,mean_depth,0.26483333333333337
2021-01-15T10:36:00Z,2021-01-15T10:35:55Z,mean_temperature,29.293333333333333
2021-01-15T10:36:00Z,2021-01-15T10:35:55Z,mean_salinity,33.54162257666667
2021-01-15T10:36:00Z,2021-01-15T10:35:55Z,mean_abs_pressure,104.435
2021-01-15T10:37:00Z,2021-01-15T10:36:55Z,mean_depth,0.2705
2021-01-15T10:37:00Z,2021-01-15T10:36:55Z,mean_temperature,29.296666666666667
2021-01-15T10:37:00Z,2021-01-15T10:36:55Z,mean_salinity,33.03224063333333
2021-01-15T10:37:00Z,2021-01-15T10:36:55Z,mean_abs_pressure,104.4905
2021-01-15T10:38:00Z,2021-01-15T10:37:55Z,mean_depth,0.2455
2021-01-15T10:38:00Z,2021-01-15T10:37:55Z,mean_temperature,29.298333333333332
2021-01-15T10:38:00Z,2021-01-15T10:37:55Z,mean_salinity,32.918361065
2021-01-15T10:38:00Z,2021-01-15T10:37:55Z,mean_abs_pressure,104.2405
2021-01-15T10:39:00Z,2021-01-15T10:38:55Z,mean_depth,0.265
2021-01-15T10:39:00Z,2021-01-15T10:38:55Z,mean_temperature,29.313333333333333
2021-01-15T10:39:00Z,2021-01-15T10:38:55Z,mean_salinity,33.03195823833333
2021-01-15T10:39:00Z,2021-01-15T10:38:55Z,mean_abs_pressure,104.43633333333334
2021-01-15T10:40:00Z,2021-01-15T10:39:55Z,mean_depth,0.26733333333333337
2021-01-15T10:40:00Z,2021-01-15T10:39:55Z,mean_temperature,29.259999999999998
2021-01-15T10:40:00Z,2021-01-15T10:39:55Z,mean_salinity,33.888997053333334
2021-01-15T10:40:00Z,2021-01-15T10:39:55Z,mean_abs_pressure,104.45833333333334
2021-01-15T10:41:00Z,2021-01-15T10:40:55Z,mean_depth,0.24966666666666668
2021-01-15T10:41:00Z,2021-01-15T10:40:55Z,mean_temperature,29.28666666666667
2021-01-15T10:41:00Z,2021-01-15T10:40:55Z,mean_salinity,33.71563378
2021-01-15T10:41:00Z,2021-01-15T10:40:55Z,mean_abs_pressure,104.2835
2021-01-15T10:42:00Z,2021-01-15T10:41:55Z,mean_depth,0.25816666666666666
2021-01-15T10:42:00Z,2021-01-15T10:41:55Z,mean_temperature,29.321666666666665
2021-01-15T10:42:00Z,2021-01-15T10:41:55Z,mean_salinity,33.654039411666666
2021-01-15T10:42:00Z,2021-01-15T10:41:55Z,mean_abs_pressure,104.36683333333333
2021-01-15T10:43:00Z,2021-01-15T10:42:55Z,mean_depth,0.2723333333333333
2021-01-15T10:43:00Z,2021-01-15T10:42:55Z,mean_temperature,29.353333333333335
2021-01-15T10:43:00Z,2021-01-15T10:42:55Z,mean_salinity,33.74089557333333
2021-01-15T10:43:00Z,2021-01-15T10:42:55Z,mean_abs_pressure,104.5075
2021-01-15T10:44:00Z,2021-01-15T10:43:55Z,mean_depth,0.2823333333333333
2021-01-15T10:44:00Z,2021-01-15T10:43:55Z,mean_temperature,29.345
2021-01-15T10:44:00Z,2021-01-15T10:43:55Z,mean_salinity,33.78577357
2021-01-15T10:44:00Z,2021-01-15T10:43:55Z,mean_abs_pressure,104.60816666666668
2021-01-15T10:45:00Z,2021-01-15T10:44:55Z,mean_depth,0.24516666666666667
2021-01-15T10:45:00Z,2021-01-15T10:44:55Z,mean_temperature,29.375
2021-01-15T10:45:00Z,2021-01-15T10:44:55Z,mean_salinity,33.67491314
2021-01-15T10:45:00Z,2021-01-15T10:44:55Z,mean_abs_pressure,104.23766666666667
2021-01-15T10:46:00Z,2021-01-15T10:45:55Z,mean_depth,0.25566666666666665
2021-01-15T10:46:00Z,2021-01-15T10:45:55Z,mean_temperature,29.371666666666666
2021-01-15T10:46:00Z,2021-01-15T10:45:55Z,mean_salinity,33.63854004666666
2021-01-15T10:46:00Z,2021-01-15T10:45:55Z,mean_abs_pressure,104.34116666666667
2021-01-15T10:47:00Z,2021-01-15T10:46:55Z,mean_depth,0.2623333333333333
2021-01-15T10:47:00Z,2021-01-15T10:46:55Z,mean_temperature,29.358333333333334
2021-01-15T10:47:00Z,2021-01-15T10:46:55Z,mean_salinity,33.55823038
2021-01-15T10:47:00Z,2021-01-15T10:46:55Z,mean_abs_pressure,104.40716666666667
2021-01-15T10:48:00Z,2021-01-15T10:47:55Z,mean_depth,0.27999999999999997
2021-01-15T10:48:00Z,2021-01-15T10:47:55Z,mean_temperature,29.361666666666665
2021-01-15T10:48:00Z,2021-01-15T10:47:55Z,mean_salinity,33.560756405
2021-01-15T10:48:00Z,2021-01-15T10:47:55Z,mean_abs_pressure,104.58516666666667
2021-01-15T10:49:00Z,2021-01-15T10:48:55Z,mean_depth,0.2748333333333333
2021-01-15T10:49:00Z,2021-01-15T10:48:55Z,mean_temperature,29.413333333333334
2021-01-15T10:49:00Z,2021-01-15T10:48:55Z,mean_salinity,33.672695275
2021-01-15T10:49:00Z,2021-01-15T10:48:55Z,mean_abs_pressure,104.53616666666667
2021-01-15T10:50:00Z,2021-01-15T10:49:55Z,mean_depth,0.25416666666666665
2021-01-15T10:50:00Z,2021-01-15T10:49:55Z,mean_temperature,29.403333333333332
2021-01-15T10:50:00Z,2021-01-15T10:49:55Z,mean_salinity,33.665963465000004
2021-01-15T10:50:00Z,2021-01-15T10:49:55Z,mean_abs_pressure,104.3295
2021-01-15T10:51:00Z,2021-01-15T10:50:55Z,mean_depth,0.25766666666666665
2021-01-15T10:51:00Z,2021-01-15T10:50:55Z,mean_temperature,29.4
2021-01-15T10:51:00Z,2021-01-15T10:50:55Z,mean_salinity,33.63341877166667
2021-01-15T10:51:00Z,2021-01-15T10:50:55Z,mean_abs_pressure,104.36383333333333
2021-01-15T10:52:00Z,2021-01-15T10:51:55Z,mean_depth,0.25216666666666665
2021-01-15T10:52:00Z,2021-01-15T10:51:55Z,mean_temperature,29.383333333333333
2021-01-15T10:52:00Z,2021-01-15T10:51:55Z,mean_salinity,33.66469314166667
2021-01-15T10:52:00Z,2021-01-15T10:51:55Z,mean_abs_pressure,104.30616666666667
2021-01-15T10:53:00Z,2021-01-15T10:52:55Z,mean_depth,0.2776666666666667
2021-01-15T10:53:00Z,2021-01-15T10:52:55Z,mean_temperature,29.405
2021-01-15T10:53:00Z,2021-01-15T10:52:55Z,mean_salinity,33.66423256833333
2021-01-15T10:53:00Z,2021-01-15T10:52:55Z,mean_abs_pressure,104.56183333333334
2021-01-15T10:54:00Z,2021-01-15T10:53:55Z,mean_depth,0.25516666666666665
2021-01-15T10:54:00Z,2021-01-15T10:53:55Z,mean_temperature,29.42
2021-01-15T10:54:00Z,2021-01-15T10:53:55Z,mean_salinity,33.67719271333333
2021-01-15T10:54:00Z,2021-01-15T10:53:55Z,mean_abs_pressure,104.33516666666667
2021-01-15T10:55:00Z,2021-01-15T10:54:55Z,mean_depth,0.24733333333333332
2021-01-15T10:55:00Z,2021-01-15T10:54:55Z,mean_temperature,29.401666666666667
2021-01-15T10:55:00Z,2021-01-15T10:54:55Z,mean_salinity,33.66657188166667
2021-01-15T10:55:00Z,2021-01-15T10:54:55Z,mean_abs_pressure,104.2575
2021-01-15T10:56:00Z,2021-01-15T10:55:55Z,mean_depth,0.2781666666666667
2021-01-15T10:56:00Z,2021-01-15T10:55:55Z,mean_temperature,29.416666666666668
2021-01-15T10:56:00Z,2021-01-15T10:55:55Z,mean_salinity,33.64409202666667
2021-01-15T10:56:00Z,2021-01-15T10:55:55Z,mean_abs_pressure,104.5675
2021-01-15T10:57:00Z,2021-01-15T10:56:55Z,mean_depth,0.247
2021-01-15T10:57:00Z,2021-01-15T10:56:55Z,mean_temperature,29.391666666666666
2021-01-15T10:57:00Z,2021-01-15T10:56:55Z,mean_salinity,33.53984155166667
2021-01-15T10:57:00Z,2021-01-15T10:56:55Z,mean_abs_pressure,104.25450000000001
2021-01-15T10:58:00Z,2021-01-15T10:57:55Z,mean_depth,0.24283333333333335
2021-01-15T10:58:00Z,2021-01-15T10:57:55Z,mean_temperature,29.384999999999998
2021-01-15T10:58:00Z,2021-01-15T10:57:55Z,mean_salinity,33.560220295
2021-01-15T10:58:00Z,2021-01-15T10:57:55Z,mean_abs_pressure,104.21166666666667
2021-01-15T10:59:00Z,2021-01-15T10:58:55Z,mean_depth,0.25216666666666665
2021-01-15T10:59:00Z,2021-01-15T10:58:55Z,mean_temperature,29.428333333333335
2021-01-15T10:59:00Z,2021-01-15T10:58:55Z,mean_salinity,33.47317687
2021-01-15T10:59:00Z,2021-01-15T10:58:55Z,mean_abs_pressure,104.307
2021-01-15T11:00:00Z,2021-01-15T10:59:55Z,mean_depth,0.258
2021-01-15T11:00:00Z,2021-01-15T10:59:55Z,mean_temperature,29.42666666666667
2021-01-15T11:00:00Z,2021-01-15T10:59:55Z,mean_salinity,33.43327527333334
2021-01-15T11:00:00Z,2021-01-15T10:59:55Z,mean_abs_pressure,104.36683333333333
2021-01-15T11:01:00Z,2021-01-15T11:00:55Z,mean_depth,0.2435
2021-01-15T11:01:00Z,2021-01-15T11:00:55Z,mean_temperature,29.384999999999998
2021-01-15T11:01:00Z,2021-01-15T11:00:55Z,mean_salinity,33.483363715
2021-01-15T11:01:00Z,2021-01-15T11:00:55Z,mean_abs_pressure,104.22033333333333
2021-01-15T11:02:00Z,2021-01-15T11:01:55Z,mean_depth,0.25316666666666665
2021-01-15T11:02:00Z,2021-01-15T11:01:55Z,mean_temperature,29.385
2021-01-15T11:02:00Z,2021-01-15T11:01:55Z,mean_salinity,33.44444680666667
2021-01-15T11:02:00Z,2021-01-15T11:01:55Z,mean_abs_pressure,104.31516666666667
2021-01-15T11:03:00Z,2021-01-15T11:02:55Z,mean_depth,0.2678333333333333
2021-01-15T11:03:00Z,2021-01-15T11:02:55Z,mean_temperature,29.36
2021-01-15T11:03:00Z,2021-01-15T11:02:55Z,mean_salinity,33.58370875333333
2021-01-15T11:03:00Z,2021-01-15T11:02:55Z,mean_abs_pressure,104.4645
2021-01-15T11:04:00Z,2021-01-15T11:03:55Z,mean_depth,0.25
2021-01-15T11:04:00Z,2021-01-15T11:03:55Z,mean_temperature,29.295
2021-01-15T11:04:00Z,2021-01-15T11:03:55Z,mean_salinity,33.59874920833333
2021-01-15T11:04:00Z,2021-01-15T11:03:55Z,mean_abs_pressure,104.28366666666668
2021-01-15T11:05:00Z,2021-01-15T11:04:55Z,mean_depth,0.25833333333333336
2021-01-15T11:05:00Z,2021-01-15T11:04:55Z,mean_temperature,29.243333333333332
2021-01-15T11:05:00Z,2021-01-15T11:04:55Z,mean_salinity,33.59910849166667
2021-01-15T11:05:00Z,2021-01-15T11:04:55Z,mean_abs_pressure,104.36966666666667
2021-01-15T11:06:00Z,2021-01-15T11:05:55Z,mean_depth,0.274
2021-01-15T11:06:00Z,2021-01-15T11:05:55Z,mean_temperature,29.229999999999997
2021-01-15T11:06:00Z,2021-01-15T11:05:55Z,mean_salinity,33.58134364166666
2021-01-15T11:06:00Z,2021-01-15T11:05:55Z,mean_abs_pressure,104.52466666666666
2021-01-15T11:07:00Z,2021-01-15T11:06:55Z,mean_depth,0.28833333333333333
2021-01-15T11:07:00Z,2021-01-15T11:06:55Z,mean_temperature,29.213333333333335
2021-01-15T11:07:00Z,2021-01-15T11:06:55Z,mean_salinity,33.60006794
2021-01-15T11:07:00Z,2021-01-15T11:06:55Z,mean_abs_pressure,104.668
2021-01-15T11:08:00Z,2021-01-15T11:07:55Z,mean_depth,0.2921666666666667
2021-01-15T11:08:00Z,2021-01-15T11:07:55Z,mean_temperature,29.17666666666667
2021-01-15T11:08:00Z,2021-01-15T11:07:55Z,mean_salinity,33.607905028333334
2021-01-15T11:08:00Z,2021-01-15T11:07:55Z,mean_abs_pressure,104.70833333333334
2021-01-15T11:09:00Z,2021-01-15T11:08:55Z,mean_depth,0.2745
2021-01-15T11:09:00Z,2021-01-15T11:08:55Z,mean_temperature,29.151666666666667
2021-01-15T11:09:00Z,2021-01-15T11:08:55Z,mean_salinity,33.62272313333333
2021-01-15T11:09:00Z,2021-01-15T11:08:55Z,mean_abs_pressure,104.53333333333333
2021-01-15T11:10:00Z,2021-01-15T11:09:55Z,mean_depth,0.2778333333333333
2021-01-15T11:10:00Z,2021-01-15T11:09:55Z,mean_temperature,29.118333333333332
2021-01-15T11:10:00Z,2021-01-15T11:09:55Z,mean_salinity,33.665163203333336
2021-01-15T11:10:00Z,2021-01-15T11:09:55Z,mean_abs_pressure,104.56483333333334
2021-01-15T11:11:00Z,2021-01-15T11:10:55Z,mean_depth,0.2645
2021-01-15T11:11:00Z,2021-01-15T11:10:55Z,mean_temperature,29.105
2021-01-15T11:11:00Z,2021-01-15T11:10:55Z,mean_salinity,33.698996081666664
2021-01-15T11:11:00Z,2021-01-15T11:10:55Z,mean_abs_pressure,104.43266666666668
2021-01-15T11:12:00Z,2021-01-15T11:11:55Z,mean_depth,0.263
2021-01-15T11:12:00Z,2021-01-15T11:11:55Z,mean_temperature,29.09
2021-01-15T11:12:00Z,2021-01-15T11:11:55Z,mean_salinity,33.750953073333335
2021-01-15T11:12:00Z,2021-01-15T11:11:55Z,mean_abs_pressure,104.41566666666667
2021-01-15T11:13:00Z,2021-01-15T11:12:55Z,mean_depth,0.25066666666666665
2021-01-15T11:13:00Z,2021-01-15T11:12:55Z,mean_temperature,29.09
2021-01-15T11:13:00Z,2021-01-15T11:12:55Z,mean_salinity,33.749884535
2021-01-15T11:13:00Z,2021-01-15T11:12:55Z,mean_abs_pressure,104.28933333333333
2021-01-15T11:14:00Z,2021-01-15T11:13:55Z,mean_depth,0.26266666666666666
2021-01-15T11:14:00Z,2021-01-15T11:13:55Z,mean_temperature,29.066666666666666
2021-01-15T11:14:00Z,2021-01-15T11:13:55Z,mean_salinity,33.79365614666666
2021-01-15T11:14:00Z,2021-01-15T11:13:55Z,mean_abs_pressure,104.41266666666667
2021-01-15T11:15:00Z,2021-01-15T11:14:55Z,mean_depth,0.25783333333333336
2021-01-15T11:15:00Z,2021-01-15T11:14:55Z,mean_temperature,29.055
2021-01-15T11:15:00Z,2021-01-15T11:14:55Z,mean_salinity,33.79314854166667
2021-01-15T11:15:00Z,2021-01-15T11:14:55Z,mean_abs_pressure,104.364
2021-01-15T11:16:00Z,2021-01-15T11:15:55Z,mean_depth,0.259
2021-01-15T11:16:00Z,2021-01-15T11:15:55Z,mean_temperature,29.051666666666666
2021-01-15T11:16:00Z,2021-01-15T11:15:55Z,mean_salinity,33.791657586666666
2021-01-15T11:16:00Z,2021-01-15T11:15:55Z,mean_abs_pressure,104.3755
2021-01-15T11:17:00Z,2021-01-15T11:16:55Z,mean_depth,0.255
2021-01-15T11:17:00Z,2021-01-15T11:16:55Z,mean_temperature,29.03666666666667
2021-01-15T11:17:00Z,2021-01-15T11:16:55Z,mean_salinity,33.8082983
2021-01-15T11:17:00Z,2021-01-15T11:16:55Z,mean_abs_pressure,104.33533333333334
2021-01-15T11:18:00Z,2021-01-15T11:17:55Z,mean_depth,0.24666666666666667
2021-01-15T11:18:00Z,2021-01-15T11:17:55Z,mean_temperature,29.031666666666666
2021-01-15T11:18:00Z,2021-01-15T11:17:55Z,mean_salinity,33.81512710333334
2021-01-15T11:18:00Z,2021-01-15T11:17:55Z,mean_abs_pressure,104.25216666666667
2021-01-15T11:19:00Z,2021-01-15T11:18:55Z,mean_depth,0.2605
2021-01-15T11:19:00Z,2021-01-15T11:18:55Z,mean_temperature,28.995
2021-01-15T11:19:00Z,2021-01-15T11:18:55Z,mean_salinity,33.84376731
2021-01-15T11:19:00Z,2021-01-15T11:18:55Z,mean_abs_pressure,104.38966666666667
2021-01-15T11:20:00Z,2021-01-15T11:19:55Z,mean_depth,0.2643333333333333
2021-01-15T11:20:00Z,2021-01-15T11:19:55Z,mean_temperature,28.981666666666666
2021-01-15T11:20:00Z,2021-01-15T11:19:55Z,mean_salinity,33.84395297166667
2021-01-15T11:20:00Z,2021-01-15T11:19:55Z,mean_abs_pressure,104.42733333333334
2021-01-15T11:21:00Z,2021-01-15T11:20:55Z,mean_depth,0.255
2021-01-15T11:21:00Z,2021-01-15T11:20:55Z,mean_temperature,28.995
2021-01-15T11:21:00Z,2021-01-15T11:20:55Z,mean_salinity,33.855859519999996
2021-01-15T11:21:00Z,2021-01-15T11:20:55Z,mean_abs_pressure,104.33533333333334
2021-01-15T11:22:00Z,2021-01-15T11:21:55Z,mean_depth,0.2685
2021-01-15T11:22:00Z,2021-01-15T11:21:55Z,mean_temperature,29.006666666666668
2021-01-15T11:22:00Z,2021-01-15T11:21:55Z,mean_salinity,33.83335732333333
2021-01-15T11:22:00Z,2021-01-15T11:21:55Z,mean_abs_pressure,104.47016666666667
2021-01-15T11:23:00Z,2021-01-15T11:22:55Z,mean_depth,0.28533333333333333
2021-01-15T11:23:00Z,2021-01-15T11:22:55Z,mean_temperature,28.98
2021-01-15T11:23:00Z,2021-01-15T11:22:55Z,mean_salinity,33.83912429
2021-01-15T11:23:00Z,2021-01-15T11:22:55Z,mean_abs_pressure,104.63966666666667
2021-01-15T11:24:00Z,2021-01-15T11:23:55Z,mean_depth,0.27
2021-01-15T11:24:00Z,2021-01-15T11:23:55Z,mean_temperature,28.961666666666666
2021-01-15T11:24:00Z,2021-01-15T11:23:55Z,mean_salinity,33.85375035333333
2021-01-15T11:24:00Z,2021-01-15T11:23:55Z,mean_abs_pressure,104.48583333333333
2021-01-15T11:25:00Z,2021-01-15T11:24:55Z,mean_depth,0.266
2021-01-15T11:25:00Z,2021-01-15T11:24:55Z,mean_temperature,28.926666666666666
2021-01-15T11:25:00Z,2021-01-15T11:24:55Z,mean_salinity,33.88242025666667
2021-01-15T11:25:00Z,2021-01-15T11:24:55Z,mean_abs_pressure,104.444
2021-01-15T11:26:00Z,2021-01-15T11:25:55Z,mean_depth,0.293
2021-01-15T11:26:00Z,2021-01-15T11:25:55Z,mean_temperature,28.911666666666665
2021-01-15T11:26:00Z,2021-01-15T11:25:55Z,mean_salinity,33.870594151666666
2021-01-15T11:26:00Z,2021-01-15T11:25:55Z,mean_abs_pressure,104.717
2021-01-15T11:27:00Z,2021-01-15T11:26:55Z,mean_depth,0.28983333333333333
2021-01-15T11:27:00Z,2021-01-15T11:26:55Z,mean_temperature,28.901666666666667
2021-01-15T11:27:00Z,2021-01-15T11:26:55Z,mean_salinity,33.88923192833333
2021-01-15T11:27:00Z,2021-01-15T11:26:55Z,mean_abs_pressure,104.68533333333333
2021-01-15T11:28:00Z,2021-01-15T11:27:55Z,mean_depth,0.27083333333333337
2021-01-15T11:28:00Z,2021-01-15T11:27:55Z,mean_temperature,28.895
2021-01-15T11:28:00Z,2021-01-15T11:27:55Z,mean_salinity,33.915329605000004
2021-01-15T11:28:00Z,2021-01-15T11:27:55Z,mean_abs_pressure,104.49283333333334
2021-01-15T11:29:00Z,2021-01-15T11:28:55Z,mean_depth,0.2823333333333333
2021-01-15T11:29:00Z,2021-01-15T11:28:55Z,mean_temperature,28.93
2021-01-15T11:29:00Z,2021-01-15T11:28:55Z,mean_salinity,33.88719495833333
2021-01-15T11:29:00Z,2021-01-15T11:28:55Z,mean_abs_pressure,104.61066666666667
2021-01-15T11:30:00Z,2021-01-15T11:29:55Z,mean_depth,0.279
2021-01-15T11:30:00Z,2021-01-15T11:29:55Z,mean_temperature,29.058333333333334
2021-01-15T11:30:00Z,2021-01-15T11:29:55Z,mean_salinity,33.80448818833333
2021-01-15T11:30:00Z,2021-01-15T11:29:55Z,mean_abs_pressure,104.57633333333334
2021-01-15T11:31:00Z,2021-01-15T11:30:55Z,mean_depth,0.2675
2021-01-15T11:31:00Z,2021-01-15T11:30:55Z,mean_temperature,28.84
2021-01-15T11:31:00Z,2021-01-15T11:30:55Z,mean_salinity,33.932501145
2021-01-15T11:31:00Z,2021-01-15T11:30:55Z,mean_abs_pressure,104.46133333333333
2021-01-15T11:32:00Z,2021-01-15T11:31:55Z,mean_depth,0.27016666666666667
2021-01-15T11:32:00Z,2021-01-15T11:31:55Z,mean_temperature,28.873333333333335
2021-01-15T11:32:00Z,2021-01-15T11:31:55Z,mean_salinity,33.917593125
2021-01-15T11:32:00Z,2021-01-15T11:31:55Z,mean_abs_pressure,104.48716666666667
2021-01-15T11:33:00Z,2021-01-15T11:32:55Z,mean_depth,0.2688333333333333
2021-01-15T11:33:00Z,2021-01-15T11:32:55Z,mean_temperature,28.87
2021-01-15T11:33:00Z,2021-01-15T11:32:55Z,mean_salinity,33.946278385
2021-01-15T11:33:00Z,2021-01-15T11:32:55Z,mean_abs_pressure,104.47583333333333
2021-01-15T11:34:00Z,2021-01-15T11:33:55Z,mean_depth,0.2771666666666667
2021-01-15T11:34:00Z,2021-01-15T11:33:55Z,mean_temperature,28.878333333333334
2021-01-15T11:34:00Z,2021-01-15T11:33:55Z,mean_salinity,33.946382146666664
2021-01-15T11:34:00Z,2021-01-15T11:33:55Z,mean_abs_pressure,104.55916666666667
2021-01-15T11:35:00Z,2021-01-15T11:34:55Z,mean_depth,0.27316666666666667
2021-01-15T11:35:00Z,2021-01-15T11:34:55Z,mean_temperature,28.881666666666668
2021-01-15T11:35:00Z,2021-01-15T11:34:55Z,mean_salinity,33.946204521666665
2021-01-15T11:35:00Z,2021-01-15T11:34:55Z,mean_abs_pressure,104.51599999999999
2021-01-15T11:36:00Z,2021-01-15T11:35:55Z,mean_depth,0.2745
2021-01-15T11:36:00Z,2021-01-15T11:35:55Z,mean_temperature,28.88
2021-01-15T11:36:00Z,2021-01-15T11:35:55Z,mean_salinity,33.93915431833333
2021-01-15T11:36:00Z,2021-01-15T11:35:55Z,mean_abs_pressure,104.5305
2021-01-15T11:37:00Z,2021-01-15T11:36:55Z,mean_depth,0.28150000000000003
2021-01-15T11:37:00Z,2021-01-15T11:36:55Z,mean_temperature,28.888333333333332
2021-01-15T11:37:00Z,2021-01-15T11:36:55Z,mean_salinity,33.922812431666664
2021-01-15T11:37:00Z,2021-01-15T11:36:55Z,mean_abs_pressure,104.60216666666668
2021-01-15T11:38:00Z,2021-01-15T11:37:55Z,mean_depth,0.29283333333333333
2021-01-15T11:38:00Z,2021-01-15T11:37:55Z,mean_temperature,28.891666666666666
2021-01-15T11:38:00Z,2021-01-15T11:37:55Z,mean_salinity,33.912221349999996
2021-01-15T11:38:00Z,2021-01-15T11:37:55Z,mean_abs_pressure,104.71416666666667
2021-01-15T11:39:00Z,2021-01-15T11:38:55Z,mean_depth,0.25616666666666665
2021-01-15T11:39:00Z,2021-01-15T11:38:55Z,mean_temperature,28.886666666666667
2021-01-15T11:39:00Z,2021-01-15T11:38:55Z,mean_salinity,33.93002731166666
2021-01-15T11:39:00Z,2021-01-15T11:38:55Z,mean_abs_pressure,104.3495
2021-01-15T11:40:00Z,2021-01-15T11:39:55Z,mean_depth,0.28983333333333333
2021-01-15T11:40:00Z,2021-01-15T11:39:55Z,mean_temperature,28.895
2021-01-15T11:40:00Z,2021-01-15T11:39:55Z,mean_salinity,33.939484105000005
2021-01-15T11:40:00Z,2021-01-15T11:39:55Z,mean_abs_pressure,104.68533333333333
2021-01-15T11:41:00Z,2021-01-15T11:40:55Z,mean_depth,0.28350000000000003
2021-01-15T11:41:00Z,2021-01-15T11:40:55Z,mean_temperature,28.973333333333333
2021-01-15T11:41:00Z,2021-01-15T11:40:55Z,mean_salinity,33.960767615
2021-01-15T11:41:00Z,2021-01-15T11:40:55Z,mean_abs_pressure,104.62216666666666
2021-01-15T11:42:00Z,2021-01-15T11:41:55Z,mean_depth,0.26466666666666666
2021-01-15T11:42:00Z,2021-01-15T11:41:55Z,mean_temperature,29.06
2021-01-15T11:42:00Z,2021-01-15T11:41:55Z,mean_salinity,33.95200209666667
2021-01-15T11:42:00Z,2021-01-15T11:41:55Z,mean_abs_pressure,104.4325
2021-01-15T11:43:00Z,2021-01-15T11:42:55Z,mean_depth,0.2663333333333333
2021-01-15T11:43:00Z,2021-01-15T11:42:55Z,mean_temperature,29.046666666666667
2021-01-15T11:43:00Z,2021-01-15T11:42:55Z,mean_salinity,33.988478625
2021-01-15T11:43:00Z,2021-01-15T11:42:55Z,mean_abs_pressure,104.44983333333333
2021-01-15T11:44:00Z,2021-01-15T11:43:55Z,mean_depth,0.2981666666666667
2021-01-15T11:44:00Z,2021-01-15T11:43:55Z,mean_temperature,29.025000000000002
2021-01-15T11:44:00Z,2021-01-15T11:43:55Z,mean_salinity,33.99065485
2021-01-15T11:44:00Z,2021-01-15T11:43:55Z,mean_abs_pressure,104.76866666666666
2021-01-15T11:45:00Z,2021-01-15T11:44:55Z,mean_depth,0.27016666666666667
2021-01-15T11:45:00Z,2021-01-15T11:44:55Z,mean_temperature,29.025000000000002
2021-01-15T11:45:00Z,2021-01-15T11:44:55Z,mean_salinity,33.995609075000004
2021-01-15T11:45:00Z,2021-01-15T11:44:55Z,mean_abs_pressure,104.48816666666667
2021-01-15T11:46:00Z,2021-01-15T11:45:55Z,mean_depth,0.2753333333333333
2021-01-15T11:46:00Z,2021-01-15T11:45:55Z,mean_temperature,29.011666666666667
2021-01-15T11:46:00Z,2021-01-15T11:45:55Z,mean_salinity,34.019452038333334
2021-01-15T11:46:00Z,2021-01-15T11:45:55Z,mean_abs_pressure,104.53866666666667
2021-01-15T11:47:00Z,2021-01-15T11:46:55Z,mean_depth,0.31366666666666665
2021-01-15T11:47:00Z,2021-01-15T11:46:55Z,mean_temperature,28.976666666666667
2021-01-15T11:47:00Z,2021-01-15T11:46:55Z,mean_salinity,34.009054563333336
2021-01-15T11:47:00Z,2021-01-15T11:46:55Z,mean_abs_pressure,104.9265
2021-01-15T11:48:00Z,2021-01-15T11:47:55Z,mean_depth,0.28783333333333333
2021-01-15T11:48:00Z,2021-01-15T11:47:55Z,mean_temperature,28.938333333333333
2021-01-15T11:48:00Z,2021-01-15T11:47:55Z,mean_salinity,34.00766797166666
2021-01-15T11:48:00Z,2021-01-15T11:47:55Z,mean_abs_pressure,104.66483333333333
2021-01-15T11:49:00Z,2021-01-15T11:48:55Z,mean_depth,0.2798333333333333
2021-01-15T11:49:00Z,2021-01-15T11:48:55Z,mean_temperature,28.96
2021-01-15T11:49:00Z,2021-01-15T11:48:55Z,mean_salinity,33.98728178333334
2021-01-15T11:49:00Z,2021-01-15T11:48:55Z,mean_abs_pressure,104.58466666666666
2021-01-15T11:50:00Z,2021-01-15T11:49:55Z,mean_depth,0.2971666666666667
2021-01-15T11:50:00Z,2021-01-15T11:49:55Z,mean_temperature,28.974999999999998
2021-01-15T11:50:00Z,2021-01-15T11:49:55Z,mean_salinity,33.956244846666664
2021-01-15T11:50:00Z,2021-01-15T11:49:55Z,mean_abs_pressure,104.75999999999999
2021-01-15T11:51:00Z,2021-01-15T11:50:55Z,mean_depth,0.29716666666666663
2021-01-15T11:51:00Z,2021-01-15T11:50:55Z,mean_temperature,28.985
2021-01-15T11:51:00Z,2021-01-15T11:50:55Z,mean_salinity,33.96676536333333
2021-01-15T11:51:00Z,2021-01-15T11:50:55Z,mean_abs_pressure,104.76
2021-01-15T11:52:00Z,2021-01-15T11:51:55Z,mean_depth,0.2771666666666667
2021-01-15T11:52:00Z,2021-01-15T11:51:55Z,mean_temperature,28.965
2021-01-15T11:52:00Z,2021-01-15T11:51:55Z,mean_salinity,33.96886138166667
2021-01-15T11:52:00Z,2021-01-15T11:51:55Z,mean_abs_pressure,104.55883333333333
2021-01-15T11:53:00Z,2021-01-15T11:52:55Z,mean_depth,0.30016666666666664
2021-01-15T11:53:00Z,2021-01-15T11:52:55Z,mean_temperature,28.96333333333333
2021-01-15T11:53:00Z,2021-01-15T11:52:55Z,mean_salinity,33.935443211666666
2021-01-15T11:53:00Z,2021-01-15T11:52:55Z,mean_abs_pressure,104.7885
2021-01-15T11:54:00Z,2021-01-15T11:53:55Z,mean_depth,0.2961666666666667
2021-01-15T11:54:00Z,2021-01-15T11:53:55Z,mean_temperature,28.98
2021-01-15T11:54:00Z,2021-01-15T11:53:55Z,mean_salinity,33.93071272
2021-01-15T11:54:00Z,2021-01-15T11:53:55Z,mean_abs_pressure,104.74833333333333
2021-01-15T11:55:00Z,2021-01-15T11:54:55Z,mean_depth,0.3015
2021-01-15T11:55:00Z,2021-01-15T11:54:55Z,mean_temperature,28.973333333333333
2021-01-15T11:55:00Z,2021-01-15T11:54:55Z,mean_salinity,33.93711280833333
2021-01-15T11:55:00Z,2021-01-15T11:54:55Z,mean_abs_pressure,104.803
2021-01-15T11:56:00Z,2021-01-15T11:55:55Z,mean_depth,0.3031666666666667
2021-01-15T11:56:00Z,2021-01-15T11:55:55Z,mean_temperature,28.983333333333334
2021-01-15T11:56:00Z,2021-01-15T11:55:55Z,mean_salinity,33.933305213333334
2021-01-15T11:56:00Z,2021-01-15T11:55:55Z,mean_abs_pressure,104.8205
2021-01-15T11:57:00Z,2021-01-15T11:56:55Z,mean_depth,0.3145
2021-01-15T11:57:00Z,2021-01-15T11:56:55Z,mean_temperature,29
2021-01-15T11:57:00Z,2021-01-15T11:56:55Z,mean_salinity,33.95005413333333
2021-01-15T11:57:00Z,2021-01-15T11:56:55Z,mean_abs_pressure,104.9315
2021-01-15T11:58:00Z,2021-01-15T11:57:55Z,mean_depth,0.299
2021-01-15T11:58:00Z,2021-01-15T11:57:55Z,mean_temperature,29
2021-01-15T11:58:00Z,2021-01-15T11:57:55Z,mean_salinity,33.935214931666664
2021-01-15T11:58:00Z,2021-01-15T11:57:55Z,mean_abs_pressure,104.777
2021-01-15T11:59:00Z,2021-01-15T11:58:55Z,mean_depth,0.32116666666666666
2021-01-15T11:59:00Z,2021-01-15T11:58:55Z,mean_temperature,28.996666666666666
2021-01-15T11:59:00Z,2021-01-15T11:58:55Z,mean_salinity,33.950234215
2021-01-15T11:59:00Z,2021-01-15T11:58:55Z,mean_abs_pressure,105.00116666666666
2021-01-15T12:00:00Z,2021-01-15T11:59:55Z,mean_depth,0.31433333333333335
2021-01-15T12:00:00Z,2021-01-15T11:59:55Z,mean_temperature,29.02
2021-01-15T12:00:00Z,2021-01-15T11:59:55Z,mean_salinity,33.92046376
2021-01-15T12:00:00Z,2021-01-15T11:59:55Z,mean_abs_pressure,104.92916666666667
2021-01-15T12:01:00Z,2021-01-15T12:00:55Z,mean_depth,0.3125
2021-01-15T12:01:00Z,2021-01-15T12:00:55Z,mean_temperature,29.03666666666667
2021-01-15T12:01:00Z,2021-01-15T12:00:55Z,mean_salinity,33.93173108333333
2021-01-15T12:01:00Z,2021-01-15T12:00:55Z,mean_abs_pressure,104.912
2021-01-15T12:02:00Z,2021-01-15T12:01:55Z,mean_depth,0.30033333333333334
2021-01-15T12:02:00Z,2021-01-15T12:01:55Z,mean_temperature,29.063333333333333
2021-01-15T12:02:00Z,2021-01-15T12:01:55Z,mean_salinity,33.90291437166667
2021-01-15T12:02:00Z,2021-01-15T12:01:55Z,mean_abs_pressure,104.79133333333334
2021-01-15T12:03:00Z,2021-01-15T12:02:55Z,mean_depth,0.2836666666666667
2021-01-15T12:03:00Z,2021-01-15T12:02:55Z,mean_temperature,29.095
2021-01-15T12:03:00Z,2021-01-15T12:02:55Z,mean_salinity,33.88873772833333
2021-01-15T12:03:00Z,2021-01-15T12:02:55Z,mean_abs_pressure,104.6275
2021-01-15T12:04:00Z,2021-01-15T12:03:55Z,mean_depth,0.3215
2021-01-15T12:04:00Z,2021-01-15T12:03:55Z,mean_temperature,29.101666666666667
2021-01-15T12:04:00Z,2021-01-15T12:03:55Z,mean_salinity,33.87358046666667
2021-01-15T12:04:00Z,2021-01-15T12:03:55Z,mean_abs_pressure,105.00283333333333
2021-01-15T12:05:00Z,2021-01-15T12:04:55Z,mean_depth,0.28933333333333333
2021-01-15T12:05:00Z,2021-01-15T12:04:55Z,mean_temperature,29.076666666666664
2021-01-15T12:05:00Z,2021-01-15T12:04:55Z,mean_salinity,33.89623306833333
2021-01-15T12:05:00Z,2021-01-15T12:04:55Z,mean_abs_pressure,104.68216666666666
2021-01-15T12:06:00Z,2021-01-15T12:05:55Z,mean_depth,0.2961666666666667
2021-01-15T12:06:00Z,2021-01-15T12:05:55Z,mean_temperature,29.07
2021-01-15T12:06:00Z,2021-01-15T12:05:55Z,mean_salinity,33.932296603333334
2021-01-15T12:06:00Z,2021-01-15T12:05:55Z,mean_abs_pressure,104.74833333333333
2021-01-15T12:07:00Z,2021-01-15T12:06:55Z,mean_depth,0.3153333333333333
2021-01-15T12:07:00Z,2021-01-15T12:06:55Z,mean_temperature,29.08833333333333
2021-01-15T12:07:00Z,2021-01-15T12:06:55Z,mean_salinity,33.93527493333333
2021-01-15T12:07:00Z,2021-01-15T12:06:55Z,mean_abs_pressure,104.9435
2021-01-15T12:08:00Z,2021-01-15T12:07:55Z,mean_depth,0.3215
2021-01-15T12:08:00Z,2021-01-15T12:07:55Z,mean_temperature,29.086666666666666
2021-01-15T12:08:00Z,2021-01-15T12:07:55Z,mean_salinity,33.95407985666667
2021-01-15T12:08:00Z,2021-01-15T12:07:55Z,mean_abs_pressure,105.0035
2021-01-15T12:09:00Z,2021-01-15T12:08:55Z,mean_depth,0.308
2021-01-15T12:09:00Z,2021-01-15T12:08:55Z,mean_temperature,29.111666666666665
2021-01-15T12:09:00Z,2021-01-15T12:08:55Z,mean_salinity,33.99204215333333
2021-01-15T12:09:00Z,2021-01-15T12:08:55Z,mean_abs_pressure,104.8685
2021-01-15T12:10:00Z,2021-01-15T12:09:55Z,mean_depth,0.30416666666666664
2021-01-15T12:10:00Z,2021-01-15T12:09:55Z,mean_temperature,29.246666666666666
2021-01-15T12:10:00Z,2021-01-15T12:09:55Z,mean_salinity,33.88257753333333
2021-01-15T12:10:00Z,2021-01-15T12:09:55Z,mean_abs_pressure,104.8285
2021-01-15T12:11:00Z,2021-01-15T12:10:55Z,mean_depth,0.30733333333333335
2021-01-15T12:11:00Z,2021-01-15T12:10:55Z,mean_temperature,29.243333333333332
2021-01-15T12:11:00Z,2021-01-15T12:10:55Z,mean_salinity,33.910811878333334
2021-01-15T12:11:00Z,2021-01-15T12:10:55Z,mean_abs_pressure,104.86
2021-01-15T12:12:00Z,2021-01-15T12:11:55Z,mean_depth,0.3075
2021-01-15T12:12:00Z,2021-01-15T12:11:55Z,mean_temperature,29.191666666666666
2021-01-15T12:12:00Z,2021-01-15T12:11:55Z,mean_salinity,33.94023519833333
2021-01-15T12:12:00Z,2021-01-15T12:11:55Z,mean_abs_pressure,104.86266666666667
2021-01-15T12:13:00Z,2021-01-15T12:12:55Z,mean_depth,0.31416666666666665
2021-01-15T12:13:00Z,2021-01-15T12:12:55Z,mean_temperature,29.121666666666666
2021-01-15T12:13:00Z,2021-01-15T12:12:55Z,mean_salinity,33.970548945
2021-01-15T12:13:00Z,2021-01-15T12:12:55Z,mean_abs_pressure,104.93166666666667
2021-01-15T12:14:00Z,2021-01-15T12:13:55Z,mean_depth,0.32133333333333336
2021-01-15T12:14:00Z,2021-01-15T12:13:55Z,mean_temperature,29.173333333333336
2021-01-15T12:14:00Z,2021-01-15T12:13:55Z,mean_salinity,33.92078151
2021-01-15T12:14:00Z,2021-01-15T12:13:55Z,mean_abs_pressure,105.0035
2021-01-15T12:15:00Z,2021-01-15T12:14:55Z,mean_depth,0.31983333333333336
2021-01-15T12:15:00Z,2021-01-15T12:14:55Z,mean_temperature,29.296666666666667
2021-01-15T12:15:00Z,2021-01-15T12:14:55Z,mean_salinity,33.83685910166667
2021-01-15T12:15:00Z,2021-01-15T12:14:55Z,mean_abs_pressure,104.98616666666666
2021-01-15T12:16:00Z,2021-01-15T12:15:55Z,mean_depth,0.33266666666666667
2021-01-15T12:16:00Z,2021-01-15T12:15:55Z,mean_temperature,29.301666666666666
2021-01-15T12:16:00Z,2021-01-15T12:15:55Z,mean_salinity,33.82676679666667
2021-01-15T12:16:00Z,2021-01-15T12:15:55Z,mean_abs_pressure,105.1155
2021-01-15T12:17:00Z,2021-01-15T12:16:55Z,mean_depth,0.31783333333333336
2021-01-15T12:17:00Z,2021-01-15T12:16:55Z,mean_temperature,29.32
2021-01-15T12:17:00Z,2021-01-15T12:16:55Z,mean_salinity,33.812167263333336
2021-01-15T12:17:00Z,2021-01-15T12:16:55Z,mean_abs_pressure,104.96616666666667
2021-01-15T12:18:00Z,2021-01-15T12:17:55Z,mean_depth,0.31683333333333336
2021-01-15T12:18:00Z,2021-01-15T12:17:55Z,mean_temperature,29.33
2021-01-15T12:18:00Z,2021-01-15T12:17:55Z,mean_salinity,33.79692875833334
2021-01-15T12:18:00Z,2021-01-15T12:17:55Z,mean_abs_pressure,104.9575
2021-01-15T12:19:00Z,2021-01-15T12:18:55Z,mean_depth,0.31416666666666665
2021-01-15T12:19:00Z,2021-01-15T12:18:55Z,mean_temperature,29.35333333333333
2021-01-15T12:19:00Z,2021-01-15T12:18:55Z,mean_salinity,33.781606835
2021-01-15T12:19:00Z,2021-01-15T12:18:55Z,mean_abs_pressure,104.92866666666667
2021-01-15T12:20:00Z,2021-01-15T12:19:55Z,mean_depth,0.30416666666666664
2021-01-15T12:20:00Z,2021-01-15T12:19:55Z,mean_temperature,29.335
2021-01-15T12:20:00Z,2021-01-15T12:19:55Z,mean_salinity,33.80000706
2021-01-15T12:20:00Z,2021-01-15T12:19:55Z,mean_abs_pressure,104.82916666666667
2021-01-15T12:21:00Z,2021-01-15T12:20:55Z,mean_depth,0.32416666666666666
2021-01-15T12:21:00Z,2021-01-15T12:20:55Z,mean_temperature,29.363333333333333
2021-01-15T12:21:00Z,2021-01-15T12:20:55Z,mean_salinity,33.75101138666667
2021-01-15T12:21:00Z,2021-01-15T12:20:55Z,mean_abs_pressure,105.032
2021-01-15T12:22:00Z,2021-01-15T12:21:55Z,mean_depth,0.3258333333333333
2021-01-15T12:22:00Z,2021-01-15T12:21:55Z,mean_temperature,29.378333333333334
2021-01-15T12:22:00Z,2021-01-15T12:21:55Z,mean_salinity,33.736650865
2021-01-15T12:22:00Z,2021-01-15T12:21:55Z,mean_abs_pressure,105.04933333333334
2021-01-15T12:23:00Z,2021-01-15T12:22:55Z,mean_depth,0.31433333333333335
2021-01-15T12:23:00Z,2021-01-15T12:22:55Z,mean_temperature,29.36
2021-01-15T12:23:00Z,2021-01-15T12:22:55Z,mean_salinity,33.78789408833333
2021-01-15T12:23:00Z,2021-01-15T12:22:55Z,mean_abs_pressure,104.93166666666667
2021-01-15T12:24:00Z,2021-01-15T12:23:55Z,mean_depth,0.30233333333333334
2021-01-15T12:24:00Z,2021-01-15T12:23:55Z,mean_temperature,29.276666666666667
2021-01-15T12:24:00Z,2021-01-15T12:23:55Z,mean_salinity,33.84880430333333
2021-01-15T12:24:00Z,2021-01-15T12:23:55Z,mean_abs_pressure,104.81083333333333
2021-01-15T12:25:00Z,2021-01-15T12:24:55Z,mean_depth,0.316
2021-01-15T12:25:00Z,2021-01-15T12:24:55Z,mean_temperature,29.22833333333333
2021-01-15T12:25:00Z,2021-01-15T12:24:55Z,mean_salinity,33.905484566666665
2021-01-15T12:25:00Z,2021-01-15T12:24:55Z,mean_abs_pressure,104.94833333333334
2021-01-15T12:26:00Z,2021-01-15T12:25:55Z,mean_depth,0.3305
2021-01-15T12:26:00Z,2021-01-15T12:25:55Z,mean_temperature,29.101666666666667
2021-01-15T12:26:00Z,2021-01-15T12:25:55Z,mean_salinity,33.95503647666666
2021-01-15T12:26:00Z,2021-01-15T12:25:55Z,mean_abs_pressure,105.09516666666667
2021-01-15T12:27:00Z,2021-01-15T12:26:55Z,mean_depth,0.29883333333333334
2021-01-15T12:27:00Z,2021-01-15T12:26:55Z,mean_temperature,29.294999999999998
2021-01-15T12:27:00Z,2021-01-15T12:26:55Z,mean_salinity,33.8579374
2021-01-15T12:27:00Z,2021-01-15T12:26:55Z,mean_abs_pressure,104.77633333333333
2021-01-15T12:28:00Z,2021-01-15T12:27:55Z,mean_depth,0.30666666666666664
2021-01-15T12:28:00Z,2021-01-15T12:27:55Z,mean_temperature,29.406666666666666
2021-01-15T12:28:00Z,2021-01-15T12:27:55Z,mean_salinity,33.83463865
2021-01-15T12:28:00Z,2021-01-15T12:27:55Z,mean_abs_pressure,104.85383333333334
2021-01-15T12:29:00Z,2021-01-15T12:28:55Z,mean_depth,0.32516666666666666
2021-01-15T12:29:00Z,2021-01-15T12:28:55Z,mean_temperature,29.413333333333334
2021-01-15T12:29:00Z,2021-01-15T12:28:55Z,mean_salinity,33.85914152
2021-01-15T12:29:00Z,2021-01-15T12:28:55Z,mean_abs_pressure,105.04050000000001
2021-01-15T12:30:00Z,2021-01-15T12:29:55Z,mean_depth,0.307
2021-01-15T12:30:00Z,2021-01-15T12:29:55Z,mean_temperature,29.453333333333333
2021-01-15T12:30:00Z,2021-01-15T12:29:55Z,mean_salinity,33.851885528333334
2021-01-15T12:30:00Z,2021-01-15T12:29:55Z,mean_abs_pressure,104.8595
2021-01-15T12:31:00Z,2021-01-15T12:30:55Z,mean_depth,0.3288333333333333
2021-01-15T12:31:00Z,2021-01-15T12:30:55Z,mean_temperature,29.435000000000002
2021-01-15T12:31:00Z,2021-01-15T12:30:55Z,mean_salinity,33.826267603333335
2021-01-15T12:31:00Z,2021-01-15T12:30:55Z,mean_abs_pressure,105.078
2021-01-15T12:32:00Z,2021-01-15T12:31:55Z,mean_depth,0.32116666666666666
2021-01-15T12:32:00Z,2021-01-15T12:31:55Z,mean_temperature,29.448333333333334
2021-01-15T12:32:00Z,2021-01-15T12:31:55Z,mean_salinity,33.821274869999996
2021-01-15T12:32:00Z,2021-01-15T12:31:55Z,mean_abs_pressure,105.00033333333333
2021-01-15T12:33:00Z,2021-01-15T12:32:55Z,mean_depth,0.33016666666666666
2021-01-15T12:33:00Z,2021-01-15T12:32:55Z,mean_temperature,29.375
2021-01-15T12:33:00Z,2021-01-15T12:32:55Z,mean_salinity,33.864113214999996
2021-01-15T12:33:00Z,2021-01-15T12:32:55Z,mean_abs_pressure,105.09216666666667
2021-01-15T12:34:00Z,2021-01-15T12:33:55Z,mean_depth,0.3285
2021-01-15T12:34:00Z,2021-01-15T12:33:55Z,mean_temperature,29.439999999999998
2021-01-15T12:34:00Z,2021-01-15T12:33:55Z,mean_salinity,33.816714435
2021-01-15T12:34:00Z,2021-01-15T12:33:55Z,mean_abs_pressure,105.07466666666667
2021-01-15T12:35:00Z,2021-01-15T12:34:55Z,mean_depth,0.31366666666666665
2021-01-15T12:35:00Z,2021-01-15T12:34:55Z,mean_temperature,29.498333333333335
2021-01-15T12:35:00Z,2021-01-15T12:34:55Z,mean_salinity,33.75377751166666
2021-01-15T12:35:00Z,2021-01-15T12:34:55Z,mean_abs_pressure,104.9265
2021-01-15T12:36:00Z,2021-01-15T12:35:55Z,mean_depth,0.3345
2021-01-15T12:36:00Z,2021-01-15T12:35:55Z,mean_temperature,29.53
2021-01-15T12:36:00Z,2021-01-15T12:35:55Z,mean_salinity,33.745811296666666
2021-01-15T12:36:00Z,2021-01-15T12:35:55Z,mean_abs_pressure,105.135
2021-01-15T12:37:00Z,2021-01-15T12:36:55Z,mean_depth,0.328
2021-01-15T12:37:00Z,2021-01-15T12:36:55Z,mean_temperature,29.41
2021-01-15T12:37:00Z,2021-01-15T12:36:55Z,mean_salinity,33.80868128
2021-01-15T12:37:00Z,2021-01-15T12:36:55Z,mean_abs_pressure,105.069
2021-01-15T12:38:00Z,2021-01-15T12:37:55Z,mean_depth,0.32233333333333336
2021-01-15T12:38:00Z,2021-01-15T12:37:55Z,mean_temperature,29.385
2021-01-15T12:38:00Z,2021-01-15T12:37:55Z,mean_salinity,33.834051818333336
2021-01-15T12:38:00Z,2021-01-15T12:37:55Z,mean_abs_pressure,105.0145
2021-01-15T12:39:00Z,2021-01-15T12:38:55Z,mean_depth,0.351
2021-01-15T12:39:00Z,2021-01-15T12:38:55Z,mean_temperature,29.581666666666667
2021-01-15T12:39:00Z,2021-01-15T12:38:55Z,mean_salinity,33.757887098333335
2021-01-15T12:39:00Z,2021-01-15T12:38:55Z,mean_abs_pressure,105.29883333333333
2021-01-15T12:40:00Z,2021-01-15T12:39:55Z,mean_depth,0.3268333333333333
2021-01-15T12:40:00Z,2021-01-15T12:39:55Z,mean_temperature,29.588333333333335
2021-01-15T12:40:00Z,2021-01-15T12:39:55Z,mean_salinity,33.762005028333334
2021-01-15T12:40:00Z,2021-01-15T12:39:55Z,mean_abs_pressure,105.05766666666666
2021-01-15T12:41:00Z,2021-01-15T12:40:55Z,mean_depth,0.33033333333333337
2021-01-15T12:41:00Z,2021-01-15T12:40:55Z,mean_temperature,29.58833333333333
2021-01-15T12:41:00Z,2021-01-15T12:40:55Z,mean_salinity,33.744460268333334
2021-01-15T12:41:00Z,2021-01-15T12:40:55Z,mean_abs_pressure,105.09466666666667
2021-01-15T12:42:00Z,2021-01-15T12:41:55Z,mean_depth,0.3516666666666667
2021-01-15T12:42:00Z,2021-01-15T12:41:55Z,mean_temperature,29.635
2021-01-15T12:42:00Z,2021-01-15T12:41:55Z,mean_salinity,33.694812354999996
2021-01-15T12:42:00Z,2021-01-15T12:41:55Z,mean_abs_pressure,105.3075
2021-01-15T12:43:00Z,2021-01-15T12:42:55Z,mean_depth,0.3481666666666667
2021-01-15T12:43:00Z,2021-01-15T12:42:55Z,mean_temperature,29.65
2021-01-15T12:43:00Z,2021-01-15T12:42:55Z,mean_salinity,33.67666586833333
2021-01-15T12:43:00Z,2021-01-15T12:42:55Z,mean_abs_pressure,105.27116666666666
2021-01-15T12:44:00Z,2021-01-15T12:43:55Z,mean_depth,0.317
2021-01-15T12:44:00Z,2021-01-15T12:43:55Z,mean_temperature,29.651666666666667
2021-01-15T12:44:00Z,2021-01-15T12:43:55Z,mean_salinity,33.617222444999996
2021-01-15T12:44:00Z,2021-01-15T12:43:55Z,mean_abs_pressure,104.957
2021-01-15T12:45:00Z,2021-01-15T12:44:55Z,mean_depth,0.3466666666666667
2021-01-15T12:45:00Z,2021-01-15T12:44:55Z,mean_temperature,29.638333333333335
2021-01-15T12:45:00Z,2021-01-15T12:44:55Z,mean_salinity,33.23164464166667
2021-01-15T12:45:00Z,2021-01-15T12:44:55Z,mean_abs_pressure,105.25566666666667
2021-01-15T12:46:00Z,2021-01-15T12:45:55Z,mean_depth,0.3496666666666667
2021-01-15T12:46:00Z,2021-01-15T12:45:55Z,mean_temperature,29.598333333333333
2021-01-15T12:46:00Z,2021-01-15T12:45:55Z,mean_salinity,33.25335874833333
2021-01-15T12:46:00Z,2021-01-15T12:45:55Z,mean_abs_pressure,105.2845
2021-01-15T12:47:00Z,2021-01-15T12:46:55Z,mean_depth,0.3481666666666667
2021-01-15T12:47:00Z,2021-01-15T12:46:55Z,mean_temperature,29.53333333333333
2021-01-15T12:47:00Z,2021-01-15T12:46:55Z,mean_salinity,33.4173887
2021-01-15T12:47:00Z,2021-01-15T12:46:55Z,mean_abs_pressure,105.27016666666667
2021-01-15T12:48:00Z,2021-01-15T12:47:55Z,mean_depth,0.3526666666666667
2021-01-15T12:48:00Z,2021-01-15T12:47:55Z,mean_temperature,29.568333333333335
2021-01-15T12:48:00Z,2021-01-15T12:47:55Z,mean_salinity,33.64573487333333
2021-01-15T12:48:00Z,2021-01-15T12:47:55Z,mean_abs_pressure,105.31866666666667
2021-01-15T12:49:00Z,2021-01-15T12:48:55Z,mean_depth,0.347
2021-01-15T12:49:00Z,2021-01-15T12:48:55Z,mean_temperature,29.566666666666666
2021-01-15T12:49:00Z,2021-01-15T12:48:55Z,mean_salinity,33.66274043666667
2021-01-15T12:49:00Z,2021-01-15T12:48:55Z,mean_abs_pressure,105.25833333333334
2021-01-15T12:50:00Z,2021-01-15T12:49:55Z,mean_depth,0.346
2021-01-15T12:50:00Z,2021-01-15T12:49:55Z,mean_temperature,29.661666666666665
2021-01-15T12:50:00Z,2021-01-15T12:49:55Z,mean_salinity,33.631374795
2021-01-15T12:50:00Z,2021-01-15T12:49:55Z,mean_abs_pressure,105.24983333333333
2021-01-15T12:51:00Z,2021-01-15T12:50:55Z,mean_depth,0.37766666666666665
2021-01-15T12:51:00Z,2021-01-15T12:50:55Z,mean_temperature,29.67
2021-01-15T12:51:00Z,2021-01-15T12:50:55Z,mean_salinity,33.63539882333333
2021-01-15T12:51:00Z,2021-01-15T12:50:55Z,mean_abs_pressure,105.56883333333333
2021-01-15T12:52:00Z,2021-01-15T12:51:55Z,mean_depth,0.3705
2021-01-15T12:52:00Z,2021-01-15T12:51:55Z,mean_temperature,29.618333333333332
2021-01-15T12:52:00Z,2021-01-15T12:51:55Z,mean_salinity,33.67096395833333
2021-01-15T12:52:00Z,2021-01-15T12:51:55Z,mean_abs_pressure,105.49666666666667
2021-01-15T12:53:00Z,2021-01-15T12:52:55Z,mean_depth,0.3565
2021-01-15T12:53:00Z,2021-01-15T12:52:55Z,mean_temperature,29.78
2021-01-15T12:53:00Z,2021-01-15T12:52:55Z,mean_salinity,33.597014155
2021-01-15T12:53:00Z,2021-01-15T12:52:55Z,mean_abs_pressure,105.35316666666667
2021-01-15T12:54:00Z,2021-01-15T12:53:55Z,mean_depth,0.3793333333333333
2021-01-15T12:54:00Z,2021-01-15T12:53:55Z,mean_temperature,29.63
2021-01-15T12:54:00Z,2021-01-15T12:53:55Z,mean_salinity,33.66554506833334
2021-01-15T12:54:00Z,2021-01-15T12:53:55Z,mean_abs_pressure,105.58616666666667
2021-01-15T12:55:00Z,2021-01-15T12:54:55Z,mean_depth,0.35833333333333334
2021-01-15T12:55:00Z,2021-01-15T12:54:55Z,mean_temperature,29.461666666666666
2021-01-15T12:55:00Z,2021-01-15T12:54:55Z,mean_salinity,33.732581015
2021-01-15T12:55:00Z,2021-01-15T12:54:55Z,mean_abs_pressure,105.37383333333332
2021-01-15T12:56:00Z,2021-01-15T12:55:55Z,mean_depth,0.3535
2021-01-15T12:56:00Z,2021-01-15T12:55:55Z,mean_temperature,29.490000000000002
2021-01-15T12:56:00Z,2021-01-15T12:55:55Z,mean_salinity,33.75584711166667
2021-01-15T12:56:00Z,2021-01-15T12:55:55Z,mean_abs_pressure,105.32433333333333
2021-01-15T12:57:00Z,2021-01-15T12:56:55Z,mean_depth,0.376
2021-01-15T12:57:00Z,2021-01-15T12:56:55Z,mean_temperature,29.736666666666668
2021-01-15T12:57:00Z,2021-01-15T12:56:55Z,mean_salinity,32.351068485
2021-01-15T12:57:00Z,2021-01-15T12:56:55Z,mean_abs_pressure,105.5515
2021-01-15T12:58:00Z,2021-01-15T12:57:55Z,mean_depth,0.33766666666666667
2021-01-15T12:58:00Z,2021-01-15T12:57:55Z,mean_temperature,29.643333333333334
2021-01-15T12:58:00Z,2021-01-15T12:57:55Z,mean_salinity,33.698402380000005
2021-01-15T12:58:00Z,2021-01-15T12:57:55Z,mean_abs_pressure,105.1665
2021-01-15T12:59:00Z,2021-01-15T12:58:55Z,mean_depth,0.36216666666666664
2021-01-15T12:59:00Z,2021-01-15T12:58:55Z,mean_temperature,29.64666666666667
2021-01-15T12:59:00Z,2021-01-15T12:58:55Z,mean_salinity,33.69822144
2021-01-15T12:59:00Z,2021-01-15T12:58:55Z,mean_abs_pressure,105.41333333333333
2021-01-15T13:00:00Z,2021-01-15T12:59:55Z,mean_depth,0.37333333333333335
2021-01-15T13:00:00Z,2021-01-15T12:59:55Z,mean_temperature,29.63
2021-01-15T13:00:00Z,2021-01-15T12:59:55Z,mean_salinity,33.702284023333334
2021-01-15T13:00:00Z,2021-01-15T12:59:55Z,mean_abs_pressure,105.52716666666667
2021-01-15T13:01:00Z,2021-01-15T13:00:55Z,mean_depth,0.3526666666666667
2021-01-15T13:01:00Z,2021-01-15T13:00:55Z,mean_temperature,29.638333333333335
2021-01-15T13:01:00Z,2021-01-15T13:00:55Z,mean_salinity,33.71225575166667
2021-01-15T13:01:00Z,2021-01-15T13:00:55Z,mean_abs_pressure,105.3185
2021-01-15T13:02:00Z,2021-01-15T13:01:55Z,mean_depth,0.34550000000000003
2021-01-15T13:02:00Z,2021-01-15T13:01:55Z,mean_temperature,29.575
2021-01-15T13:02:00Z,2021-01-15T13:01:55Z,mean_salinity,33.74122029833333
2021-01-15T13:02:00Z,2021-01-15T13:01:55Z,mean_abs_pressure,105.24383333333333
2021-01-15T13:03:00Z,2021-01-15T13:02:55Z,mean_depth,0.37866666666666665
2021-01-15T13:03:00Z,2021-01-15T13:02:55Z,mean_temperature,29.628333333333334
2021-01-15T13:03:00Z,2021-01-15T13:02:55Z,mean_salinity,33.71871404833333
2021-01-15T13:03:00Z,2021-01-15T13:02:55Z,mean_abs_pressure,105.58
2021-01-15T13:04:00Z,2021-01-15T13:03:55Z,mean_depth,0.3795
2021-01-15T13:04:00Z,2021-01-15T13:03:55Z,mean_temperature,29.421666666666667
2021-01-15T13:04:00Z,2021-01-15T13:03:55Z,mean_salinity,33.80728214166667
2021-01-15T13:04:00Z,2021-01-15T13:03:55Z,mean_abs_pressure,105.58633333333333
2021-01-15T13:05:00Z,2021-01-15T13:04:55Z,mean_depth,0.35716666666666663
2021-01-15T13:05:00Z,2021-01-15T13:04:55Z,mean_temperature,29.363333333333333
2021-01-15T13:05:00Z,2021-01-15T13:04:55Z,mean_salinity,33.81084834666667
2021-01-15T13:05:00Z,2021-01-15T13:04:55Z,mean_abs_pressure,105.36166666666666
2021-01-15T13:06:00Z,2021-01-15T13:05:55Z,mean_depth,0.3595
2021-01-15T13:06:00Z,2021-01-15T13:05:55Z,mean_temperature,29.346666666666668
2021-01-15T13:06:00Z,2021-01-15T13:05:55Z,mean_salinity,33.816553866666666
2021-01-15T13:06:00Z,2021-01-15T13:05:55Z,mean_abs_pressure,105.3875
2021-01-15T13:07:00Z,2021-01-15T13:06:55Z,mean_depth,0.4098333333333333
2021-01-15T13:07:00Z,2021-01-15T13:06:55Z,mean_temperature,29.255
2021-01-15T13:07:00Z,2021-01-15T13:06:55Z,mean_salinity,33.850448021666665
2021-01-15T13:07:00Z,2021-01-15T13:06:55Z,mean_abs_pressure,105.89033333333333
2021-01-15T13:08:00Z,2021-01-15T13:07:55Z,mean_depth,0.357
2021-01-15T13:08:00Z,2021-01-15T13:07:55Z,mean_temperature,29.22
2021-01-15T13:08:00Z,2021-01-15T13:07:55Z,mean_salinity,33.85866869
2021-01-15T13:08:00Z,2021-01-15T13:07:55Z,mean_abs_pressure,105.36166666666666
2021-01-15T13:09:00Z,2021-01-15T13:08:55Z,mean_depth,0.3473333333333333
2021-01-15T13:09:00Z,2021-01-15T13:08:55Z,mean_temperature,29.183333333333334
2021-01-15T13:09:00Z,2021-01-15T13:08:55Z,mean_salinity,33.86374409333334
2021-01-15T13:09:00Z,2021-01-15T13:08:55Z,mean_abs_pressure,105.26416666666667
2021-01-15T13:10:00Z,2021-01-15T13:09:55Z,mean_depth,0.4018333333333333
2021-01-15T13:10:00Z,2021-01-15T13:09:55Z,mean_temperature,29.243333333333332
2021-01-15T13:10:00Z,2021-01-15T13:09:55Z,mean_salinity,33.89339523833333
2021-01-15T13:10:00Z,2021-01-15T13:09:55Z,mean_abs_pressure,105.81283333333333
2021-01-15T13:11:00Z,2021-01-15T13:10:55Z,mean_depth,0.37433333333333335
2021-01-15T13:11:00Z,2021-01-15T13:10:55Z,mean_temperature,29.448333333333334
2021-01-15T13:11:00Z,2021-01-15T13:10:55Z,mean_salinity,33.88690213833333
2021-01-15T13:11:00Z,2021-01-15T13:10:55Z,mean_abs_pressure,105.53366666666666
2021-01-15T13:12:00Z,2021-01-15T13:11:55Z,mean_depth,0.35350000000000004
2021-01-15T13:12:00Z,2021-01-15T13:11:55Z,mean_temperature,29.405
2021-01-15T13:12:00Z,2021-01-15T13:11:55Z,mean_salinity,33.891553125
2021-01-15T13:12:00Z,2021-01-15T13:11:55Z,mean_abs_pressure,105.32716666666667
2021-01-15T13:13:00Z,2021-01-15T13:12:55Z,mean_depth,0.4041666666666667
2021-01-15T13:13:00Z,2021-01-15T13:12:55Z,mean_temperature,29.35333333333333
2021-01-15T13:13:00Z,2021-01-15T13:12:55Z,mean_salinity,33.90426934833333
2021-01-15T13:13:00Z,2021-01-15T13:12:55Z,mean_abs_pressure,105.83283333333333
2021-01-15T13:14:00Z,2021-01-15T13:13:55Z,mean_depth,0.3998333333333333
2021-01-15T13:14:00Z,2021-01-15T13:13:55Z,mean_temperature,29.60333333333333
2021-01-15T13:14:00Z,2021-01-15T13:13:55Z,mean_salinity,33.833057366666665
2021-01-15T13:14:00Z,2021-01-15T13:13:55Z,mean_abs_pressure,105.79283333333333
2021-01-15T13:15:00Z,2021-01-15T13:14:55Z,mean_depth,0.36083333333333334
2021-01-15T13:15:00Z,2021-01-15T13:14:55Z,mean_temperature,29.801666666666666
2021-01-15T13:15:00Z,2021-01-15T13:14:55Z,mean_salinity,33.754119173333336
2021-01-15T13:15:00Z,2021-01-15T13:14:55Z,mean_abs_pressure,105.399
2021-01-15T13:16:00Z,2021-01-15T13:15:55Z,mean_depth,0.3776666666666667
2021-01-15T13:16:00Z,2021-01-15T13:15:55Z,mean_temperature,29.861666666666668
2021-01-15T13:16:00Z,2021-01-15T13:15:55Z,mean_salinity,33.708959031666666
2021-01-15T13:16:00Z,2021-01-15T13:15:55Z,mean_abs_pressure,105.5685
2021-01-15T13:17:00Z,2021-01-15T13:16:55Z,mean_depth,0.3873333333333333
2021-01-15T13:17:00Z,2021-01-15T13:16:55Z,mean_temperature,29.765
2021-01-15T13:17:00Z,2021-01-15T13:16:55Z,mean_salinity,33.735193288333335
2021-01-15T13:17:00Z,2021-01-15T13:16:55Z,mean_abs_pressure,105.66633333333333
2021-01-15T13:18:00Z,2021-01-15T13:17:55Z,mean_depth,0.38983333333333337
2021-01-15T13:18:00Z,2021-01-15T13:17:55Z,mean_temperature,29.74
2021-01-15T13:18:00Z,2021-01-15T13:17:55Z,mean_salinity,33.725166995
2021-01-15T13:18:00Z,2021-01-15T13:17:55Z,mean_abs_pressure,105.68916666666667
2021-01-15T13:19:00Z,2021-01-15T13:18:55Z,mean_depth,0.35416666666666663
2021-01-15T13:19:00Z,2021-01-15T13:18:55Z,mean_temperature,29.773333333333333
2021-01-15T13:19:00Z,2021-01-15T13:18:55Z,mean_salinity,33.67337521166667
2021-01-15T13:19:00Z,2021-01-15T13:18:55Z,mean_abs_pressure,105.33283333333333
2021-01-15T13:20:00Z,2021-01-15T13:19:55Z,mean_depth,0.37266666666666665
2021-01-15T13:20:00Z,2021-01-15T13:19:55Z,mean_temperature,29.801666666666666
2021-01-15T13:20:00Z,2021-01-15T13:19:55Z,mean_salinity,33.65092169166667
2021-01-15T13:20:00Z,2021-01-15T13:19:55Z,mean_abs_pressure,105.517
2021-01-15T13:21:00Z,2021-01-15T13:20:55Z,mean_depth,0.3755
2021-01-15T13:21:00Z,2021-01-15T13:20:55Z,mean_temperature,29.65833333333333
2021-01-15T13:21:00Z,2021-01-15T13:20:55Z,mean_salinity,33.67642999833333
2021-01-15T13:21:00Z,2021-01-15T13:20:55Z,mean_abs_pressure,105.54733333333333
2021-01-15T13:22:00Z,2021-01-15T13:21:55Z,mean_depth,0.3855
2021-01-15T13:22:00Z,2021-01-15T13:21:55Z,mean_temperature,29.555
2021-01-15T13:22:00Z,2021-01-15T13:21:55Z,mean_salinity,33.72348133166667
2021-01-15T13:22:00Z,2021-01-15T13:21:55Z,mean_abs_pressure,105.6475
2021-01-15T13:23:00Z,2021-01-15T13:22:55Z,mean_depth,0.385
2021-01-15T13:23:00Z,2021-01-15T13:22:55Z,mean_temperature,29.585
2021-01-15T13:23:00Z,2021-01-15T13:22:55Z,mean_salinity,33.69919302666666
2021-01-15T13:23:00Z,2021-01-15T13:22:55Z,mean_abs_pressure,105.6405
2021-01-15T13:24:00Z,2021-01-15T13:23:55Z,mean_depth,0.39716666666666667
2021-01-15T13:24:00Z,2021-01-15T13:23:55Z,mean_temperature,29.525
2021-01-15T13:24:00Z,2021-01-15T13:23:55Z,mean_salinity,28.94012641
2021-01-15T13:24:00Z,2021-01-15T13:23:55Z,mean_abs_pressure,105.76383333333334
2021-01-15T13:25:00Z,2021-01-15T13:24:55Z,mean_depth,0.385
2021-01-15T13:25:00Z,2021-01-15T13:24:55Z,mean_temperature,29.691666666666666
2021-01-15T13:25:00Z,2021-01-15T13:24:55Z,mean_salinity,33.625852298333335
2021-01-15T13:25:00Z,2021-01-15T13:24:55Z,mean_abs_pressure,105.64033333333333
2021-01-15T13:26:00Z,2021-01-15T13:25:55Z,mean_depth,0.36983333333333335
2021-01-15T13:26:00Z,2021-01-15T13:25:55Z,mean_temperature,29.669999999999998
2021-01-15T13:26:00Z,2021-01-15T13:25:55Z,mean_salinity,33.601088188333335
2021-01-15T13:26:00Z,2021-01-15T13:25:55Z,mean_abs_pressure,105.49066666666667
2021-01-15T13:27:00Z,2021-01-15T13:26:55Z,mean_depth,0.39466666666666667
2021-01-15T13:27:00Z,2021-01-15T13:26:55Z,mean_temperature,29.721666666666668
2021-01-15T13:27:00Z,2021-01-15T13:26:55Z,mean_salinity,33.53790907333333
2021-01-15T13:27:00Z,2021-01-15T13:26:55Z,mean_abs_pressure,105.738
2021-01-15T13:28:00Z,2021-01-15T13:27:55Z,mean_depth,0.37083333333333335
2021-01-15T13:28:00Z,2021-01-15T13:27:55Z,mean_temperature,29.76
2021-01-15T13:28:00Z,2021-01-15T13:27:55Z,mean_salinity,33.51076071166666
2021-01-15T13:28:00Z,2021-01-15T13:27:55Z,mean_abs_pressure,105.50033333333333
2021-01-15T13:29:00Z,2021-01-15T13:28:55Z,mean_depth,0.38383333333333336
2021-01-15T13:29:00Z,2021-01-15T13:28:55Z,mean_temperature,29.756666666666668
2021-01-15T13:29:00Z,2021-01-15T13:28:55Z,mean_salinity,33.42736818
2021-01-15T13:29:00Z,2021-01-15T13:28:55Z,mean_abs_pressure,105.62866666666667
2021-01-15T13:30:00Z,2021-01-15T13:29:55Z,mean_depth,0.3865
2021-01-15T13:30:00Z,2021-01-15T13:29:55Z,mean_temperature,29.735
2021-01-15T13:30:00Z,2021-01-15T13:29:55Z,mean_salinity,33.388238711666666
2021-01-15T13:30:00Z,2021-01-15T13:29:55Z,mean_abs_pressure,105.6575
2021-01-15T13:31:00Z,2021-01-15T13:30:55Z,mean_depth,0.37716666666666665
2021-01-15T13:31:00Z,2021-01-15T13:30:55Z,mean_temperature,29.743333333333332
2021-01-15T13:31:00Z,2021-01-15T13:30:55Z,mean_salinity,33.374372728333334
2021-01-15T13:31:00Z,2021-01-15T13:30:55Z,mean_abs_pressure,105.56516666666667
2021-01-15T13:32:00Z,2021-01-15T13:31:55Z,mean_depth,0.39366666666666666
2021-01-15T13:32:00Z,2021-01-15T13:31:55Z,mean_temperature,29.796666666666667
2021-01-15T13:32:00Z,2021-01-15T13:31:55Z,mean_salinity,33.29175315166667
2021-01-15T13:32:00Z,2021-01-15T13:31:55Z,mean_abs_pressure,105.72916666666667
2021-01-15T13:33:00Z,2021-01-15T13:32:55Z,mean_depth,0.42283333333333334
2021-01-15T13:33:00Z,2021-01-15T13:32:55Z,mean_temperature,29.78
2021-01-15T13:33:00Z,2021-01-15T13:32:55Z,mean_salinity,33.250011719999996
2021-01-15T13:33:00Z,2021-01-15T13:32:55Z,mean_abs_pressure,106.02233333333334
2021-01-15T13:34:00Z,2021-01-15T13:33:55Z,mean_depth,0.3933333333333333
2021-01-15T13:34:00Z,2021-01-15T13:33:55Z,mean_temperature,29.791666666666668
2021-01-15T13:34:00Z,2021-01-15T13:33:55Z,mean_salinity,33.228070450000004
2021-01-15T13:34:00Z,2021-01-15T13:33:55Z,mean_abs_pressure,105.72633333333333
2021-01-15T13:35:00Z,2021-01-15T13:34:55Z,mean_depth,0.37583333333333335
2021-01-15T13:35:00Z,2021-01-15T13:34:55Z,mean_temperature,29.753333333333334
2021-01-15T13:35:00Z,2021-01-15T13:34:55Z,mean_salinity,33.154288013333336
2021-01-15T13:35:00Z,2021-01-15T13:34:55Z,mean_abs_pressure,105.54783333333333
2021-01-15T13:36:00Z,2021-01-15T13:35:55Z,mean_depth,0.425
2021-01-15T13:36:00Z,2021-01-15T13:35:55Z,mean_temperature,29.795
2021-01-15T13:36:00Z,2021-01-15T13:35:55Z,mean_salinity,33.102832031666665
2021-01-15T13:36:00Z,2021-01-15T13:35:55Z,mean_abs_pressure,106.0425
2021-01-15T13:37:00Z,2021-01-15T13:36:55Z,mean_depth,0.401
2021-01-15T13:37:00Z,2021-01-15T13:36:55Z,mean_temperature,29.813333333333333
2021-01-15T13:37:00Z,2021-01-15T13:36:55Z,mean_salinity,33.05454582833333
2021-01-15T13:37:00Z,2021-01-15T13:36:55Z,mean_abs_pressure,105.803
2021-01-15T13:38:00Z,2021-01-15T13:37:55Z,mean_depth,0.3655
2021-01-15T13:38:00Z,2021-01-15T13:37:55Z,mean_temperature,29.78333333333333
2021-01-15T13:38:00Z,2021-01-15T13:37:55Z,mean_salinity,32.94034361166667
2021-01-15T13:38:00Z,2021-01-15T13:37:55Z,mean_abs_pressure,105.44733333333333
2021-01-15T13:39:00Z,2021-01-15T13:38:55Z,mean_depth,0.397
2021-01-15T13:39:00Z,2021-01-15T13:38:55Z,mean_temperature,29.711666666666666
2021-01-15T13:39:00Z,2021-01-15T13:38:55Z,mean_salinity,32.91629121333333
2021-01-15T13:39:00Z,2021-01-15T13:38:55Z,mean_abs_pressure,105.76366666666667
2021-01-15T13:40:00Z,2021-01-15T13:39:55Z,mean_depth,0.4028333333333333
2021-01-15T13:40:00Z,2021-01-15T13:39:55Z,mean_temperature,29.858333333333334
2021-01-15T13:40:00Z,2021-01-15T13:39:55Z,mean_salinity,33.359272915
2021-01-15T13:40:00Z,2021-01-15T13:39:55Z,mean_abs_pressure,105.82066666666667
2021-01-15T13:41:00Z,2021-01-15T13:40:55Z,mean_depth,0.37633333333333335
2021-01-15T13:41:00Z,2021-01-15T13:40:55Z,mean_temperature,30.096666666666668
2021-01-15T13:41:00Z,2021-01-15T13:40:55Z,mean_salinity,33.642414865
2021-01-15T13:41:00Z,2021-01-15T13:40:55Z,mean_abs_pressure,105.55383333333333
2021-01-15T13:42:00Z,2021-01-15T13:41:55Z,mean_depth,0.3963333333333333
2021-01-15T13:42:00Z,2021-01-15T13:41:55Z,mean_temperature,30.346666666666668
2021-01-15T13:42:00Z,2021-01-15T13:41:55Z,mean_salinity,33.544828966666664
2021-01-15T13:42:00Z,2021-01-15T13:41:55Z,mean_abs_pressure,105.75466666666667
2021-01-15T13:43:00Z,2021-01-15T13:42:55Z,mean_depth,0.3953333333333333
2021-01-15T13:43:00Z,2021-01-15T13:42:55Z,mean_temperature,30.481666666666666
2021-01-15T13:43:00Z,2021-01-15T13:42:55Z,mean_salinity,33.482131663333334
2021-01-15T13:43:00Z,2021-01-15T13:42:55Z,mean_abs_pressure,105.74616666666667
2021-01-15T13:44:00Z,2021-01-15T13:43:55Z,mean_depth,0.39816666666666667
2021-01-15T13:44:00Z,2021-01-15T13:43:55Z,mean_temperature,30.87
2021-01-15T13:44:00Z,2021-01-15T13:43:55Z,mean_salinity,33.359778045
2021-01-15T13:44:00Z,2021-01-15T13:43:55Z,mean_abs_pressure,105.77466666666666
2021-01-15T13:45:00Z,2021-01-15T13:44:55Z,mean_depth,0.3968333333333333
2021-01-15T13:45:00Z,2021-01-15T13:44:55Z,mean_temperature,31.141666666666666
2021-01-15T13:45:00Z,2021-01-15T13:44:55Z,mean_salinity,33.240052555
2021-01-15T13:45:00Z,2021-01-15T13:44:55Z,mean_abs_pressure,105.76033333333334
2021-01-15T13:46:00Z,2021-01-15T13:45:55Z,mean_depth,0.4135
2021-01-15T13:46:00Z,2021-01-15T13:45:55Z,mean_temperature,31.291666666666664
2021-01-15T13:46:00Z,2021-01-15T13:45:55Z,mean_salinity,33.16900144666667
2021-01-15T13:46:00Z,2021-01-15T13:45:55Z,mean_abs_pressure,105.92733333333334
2021-01-15T13:47:00Z,2021-01-15T13:46:55Z,mean_depth,0.399
2021-01-15T13:47:00Z,2021-01-15T13:46:55Z,mean_temperature,31.471666666666668
2021-01-15T13:47:00Z,2021-01-15T13:46:55Z,mean_salinity,33.082037236666665
2021-01-15T13:47:00Z,2021-01-15T13:46:55Z,mean_abs_pressure,105.781
2021-01-15T13:48:00Z,2021-01-15T13:47:55Z,mean_depth,0.3798333333333333
2021-01-15T13:48:00Z,2021-01-15T13:47:55Z,mean_temperature,31.468333333333334
2021-01-15T13:48:00Z,2021-01-15T13:47:55Z,mean_salinity,32.885935333333336
2021-01-15T13:48:00Z,2021-01-15T13:47:55Z,mean_abs_pressure,105.59083333333334
2021-01-15T13:49:00Z,2021-01-15T13:48:55Z,mean_depth,0.39949999999999997
2021-01-15T13:49:00Z,2021-01-15T13:48:55Z,mean_temperature,31.78666666666667
2021-01-15T13:49:00Z,2021-01-15T13:48:55Z,mean_salinity,32.599538628333335
2021-01-15T13:49:00Z,2021-01-15T13:48:55Z,mean_abs_pressure,105.78633333333333
2021-01-15T13:50:00Z,2021-01-15T13:49:55Z,mean_depth,0.391
2021-01-15T13:50:00Z,2021-01-15T13:49:55Z,mean_temperature,31.818333333333335
2021-01-15T13:50:00Z,2021-01-15T13:49:55Z,mean_salinity,32.522251510000004
2021-01-15T13:50:00Z,2021-01-15T13:49:55Z,mean_abs_pressure,105.703
2021-01-15T13:51:00Z,2021-01-15T13:50:55Z,mean_depth,0.37683333333333335
2021-01-15T13:51:00Z,2021-01-15T13:50:55Z,mean_temperature,31.851666666666667
2021-01-15T13:51:00Z,2021-01-15T13:50:55Z,mean_salinity,32.49355897
2021-01-15T13:51:00Z,2021-01-15T13:50:55Z,mean_abs_pressure,105.56116666666667
2021-01-15T13:52:00Z,2021-01-15T13:51:55Z,mean_depth,0.41883333333333334
2021-01-15T13:52:00Z,2021-01-15T13:51:55Z,mean_temperature,31.89
2021-01-15T13:52:00Z,2021-01-15T13:51:55Z,mean_salinity,32.43675389166667
2021-01-15T13:52:00Z,2021-01-15T13:51:55Z,mean_abs_pressure,105.98166666666667
2021-01-15T13:53:00Z,2021-01-15T13:52:30Z,mean_depth,0.415
2021-01-15T13:53:00Z,2021-01-15T13:52:30Z,mean_temperature,31.93
2021-01-15T13:53:00Z,2021-01-15T13:52:30Z,mean_salinity,32.41334194
2021-01-15T13:53:00Z,2021-01-15T13:52:30Z,mean_abs_pressure,105.944
